"ID","Nickname","AvatarName","Category","Comment","Author","AvatarURL"
"0001","オリジンAkyo","Akyo origin","チョコミント類","すべてのはじまり","ugai","https://vrchat.com/home/avatar/avtr_471f82ba-0c0b-4fe5-9f9c-3c7d88ab1921"
"0002","チョコミントAkyo","Akyo alt","チョコミント類","Quest対応〇","ugai","https://vrchat.com/home/avatar/avtr_8df233a7-c8fa-4188-81d8-a0b40274e003"
"0003","赤チョコミントAkyo","Red basic Akyo","チョコミント類","チョコミントAkyoの色違い","Holimond.jp","https://vrchat.com/home/avatar/avtr_4906f0f8-9fcd-4602-8e10-98dd0dda9bab"
"0004","緑チョコミントAkyo","Green basic Akyo","チョコミント類","チョコミントAkyoの色違い","Holimond.jp","https://vrchat.com/home/avatar/avtr_610d4cb5-fcdc-45cb-a375-ff4b9bc93a81"
"0005","青チョコミントAkyo","Blue basic Akyo","チョコミント類","チョコミントAkyoの色違い","Holimond.jp","https://vrchat.com/home/avatar/avtr_e62d5dca-495b-4601-a0fa-b2be5f25595b"
"0006","黄チョコミントAkyo","Yellow basic Akyo","チョコミント類","チョコミントAkyoの色違い","Holimond.jp","https://vrchat.com/home/avatar/avtr_fcabb931-01fc-4448-99fd-7dfba9ea3419"
"0007","黒チョコミントAkyo","Black basic Akyo","チョコミント類","チョコミントAkyoの色違い","Holimond.jp","https://vrchat.com/home/avatar/avtr_8cd731b4-43b3-4241-a609-ce9dfcfed45d"
"0008","白チョコミントAkyo","White basic Akyo","チョコミント類","チョコミントAkyoの色違い","Holimond.jp","https://vrchat.com/home/avatar/avtr_0346605b-98c9-4f0e-8b4a-656bb02a51b0"
"0009","灰チョコミントAkyo","Gray basic Akyo","チョコミント類","チョコミントAkyoの色違い","Holimond.jp","https://vrchat.com/home/avatar/avtr_42c02723-21b9-419a-9562-4013de092636"
"0010","ミニチョコミントAkyo","ミニミニAkyoAkyo","チョコミント類","小さくなったチョコミントAkyo","Holimond.jp","https://vrchat.com/home/avatar/avtr_4af80dc9-24b3-4d63-a819-d33debac5055"
"0011","スーパー汎用Akyo","スーパー汎用Akyo","チョコミント類,ギミック・特殊","デフォルトAkyo普及への思いから生まれた便利機能もりもりのAkyoで、表情、ペン、飛行、睡眠、おんぶ等多彩な機能が使用可能","nekononomicon","https://vrchat.com/home/avatar/avtr_e861e3c4-5227-4b65-8d1a-813d9f6fcffe"
"0012","スーパースタッフAkyo","スーパースタッフAkyo","チョコミント類,ギミック・特殊","Akyoイベントスタッフ用のAkyoで、セキュリティ上スタッフ機能は通常ロックされている。","nekononomicon","https://vrchat.com/home/avatar/avtr_83cb1a9e-9997-4f97-b737-83be2daa62c5"
"0013","スーパーワープAkyo","スーパーワープAkyo","チョコミント類,ギミック・特殊","ワープを覚えたAkyo。Questの場合はPCユーザーにおんぶしてもらうとワープできる","nekononomicon","https://vrchat.com/home/avatar/avtr_0f22cd8e-2cb8-408c-8308-8d5fa2d11dcb"
"0014","スーパーフライング運送Akyo","スーパーフライング運送Akyo","チョコミント類,ギミック・特殊","フライング運送を覚えたAkyo。箱のふたは開け閉めできる。スーパー運送Akyoもいるとのこと","nekononomicon","https://vrchat.com/home/avatar/avtr_a4a98039-e32b-4915-8663-a1d73c17f3fa"
"0015","ランAkyo","Akyo Run","チョコミント類",,"ugai","https://vrchat.com/home/avatar/avtr_3b1ca729-b513-4fb6-9beb-127763696f53"
"0016","バルブAkyo","Akyo Valve","チョコミント類",,"ugai","https://vrchat.com/home/avatar/avtr_37f03e0b-fa7e-4edc-8c15-062407d6998c"
"0017","N/A","Akyo","チョコミント類,ギミック・特殊","謎のAkyo","ugai","https://vrchat.com/home/avatar/avtr_19cb8afc-cda5-416f-a590-726a33f634b4"
"0018","ヒューマノイドAkyo","Humanoid Akyo v1․71 Multi Clothes","動物,動物/人間・人類",,"ugai","https://vrchat.com/home/avatar/avtr_4ddbe005-72e1-478d-848a-25bf5e4972c0"
"0019","キツネツキ式狐Akyo","KTNTK_Akyo","動物/きつね,動物",,"kitsune_tsuki","https://vrchat.com/home/avatar/avtr_84179c75-7975-4f15-955b-c1f94a211bbe"
"0020","キツネツキ式幽霊狐Akyo","sAKYOn_Ghost","動物/きつね,動物,架空の存在,架空の存在/妖怪・おばけ",,"kitsune_tsuki","https://vrchat.com/home/avatar/avtr_f9365ef3-351c-4abf-b4b8-5e09e49b13c4"
"0021","キツネツキ式溶け狐Akyo","Melt_sakyon","動物/きつね,動物",,"kitsune_tsuki","https://vrchat.com/home/avatar/avtr_32eff565-39cc-46bb-883a-5b25473d095c"
"0022","キツネツキ式足長狐Akyo","sAKYOn_？","動物/きつね,動物",,"kitsune_tsuki","https://vrchat.com/home/avatar/avtr_29c2973e-8181-4fa7-8e12-f0578d2727ea"
"0023","ウーガーイーツAkyo","Uuga Eats","チョコミント類,職業・家柄",,"bbbbb_himiko","https://vrchat.com/home/avatar/avtr_9f160901-c9cf-4329-b021-e29b7dbffd0e"
"0024","アキョンゲリヲンAkyo","Akyongelion Type-08","乗り物,機械",,"bbbbb_himiko","https://vrchat.com/home/avatar/avtr_fd9889b7-dcfd-4056-8e95-606d4a14ec70"
"0025","アキョスAkyo","Akyosu","パロディ,パロディ/エヴァ",,"bbbbb_himiko","https://vrchat.com/home/avatar/avtr_37ccdd47-0bf3-4ea5-b279-4fcff01f3c51"
"0026","冬虫Akyo","Toutyuakyo_冬虫亜京","動物/虫,動物,季節・行事",,"bbbbb_himiko","https://vrchat.com/home/avatar/avtr_c1bded47-4a5f-4f89-8ec9-142f8a7db49a"
"0027","スプーンフォークAkyo","spoon_fork_akyo","道具",,"bbbbb_himiko","https://vrchat.com/home/avatar/avtr_800ba63a-2ac7-4f4c-80da-16a2880e7972"
"0028","ロボットAkyo（サンプル）","AkyoRobotSample","機械,電子",,"n777","https://vrchat.com/home/avatar/avtr_f639a269-adb1-4506-9209-6631ce4201c6"
"0029","ダッフルコートAkyo","Duffel coat_Akyo","チョコミント類,衣類・衣装",,"isamu_masashi","https://vrchat.com/home/avatar/avtr_9ec28f7b-9f5a-433a-9422-d7578368a679"
"0030","ダウンベストAkyo","Downvest_Akyo","チョコミント類,衣類・衣装",,"isamu_masashi","https://vrchat.com/home/avatar/avtr_40663914-34fa-48d8-b355-e69c2c64e294"
"0031","レイマーチAkyo","RaymarchAkyo","チョコミント類",,"NEET ENGINEER","https://vrchat.com/home/avatar/avtr_a6026732-c88e-4cc0-8d32-72d90fafe959"
"0032","ルックAkyo","LookAkyo","チョコミント類,ギミック・特殊",,"NEET ENGINEER","https://vrchat.com/home/avatar/avtr_0eca2798-47a4-4dc3-92b7-0ede4f254bb6"
"0033","神秘のAkyo","akyo_mystic","ギミック・特殊",,"Bangasa","https://vrchat.com/home/avatar/avtr_b2ba6d63-146f-41e5-9dc7-f5dd335ff53a"
"0034","ウミウシAkyo","UMIUSHI_AKYO_BLUE","動物/ウミウシ,動物,動物/海の生き物",,"Bangasa","https://vrchat.com/home/avatar/avtr_c6b41a46-f18b-4c6a-8f4c-0694b8e10a95"
"0035","神秘のウミウシAkyo","akyo_mystic_umiushi","動物/ウミウシ,ギミック・特殊,動物,動物/海の生き物",,"Bangasa","https://vrchat.com/home/avatar/avtr_01f41d9a-80e9-4463-bea1-8fee85f3829d"
"0036","ねおウミウシAkyo","neo_umiushi_akyo","動物/ウミウシ,動物,動物/海の生き物",,"Bangasa","https://vrchat.com/home/avatar/avtr_18efa753-234b-458d-85b0-0d745d22987f"
"0037","ウツボカズラAkyo","ウツボカズラAkyo","植物",,"teramo","https://vrchat.com/home/avatar/avtr_73339a9a-4bf5-4944-a601-e15d95aad67b"
"0038","トゥーンAkyo","Toon Akyo!","ギミック・特殊,パロディ/ディズニー,パロディ",,"teramo","https://vrchat.com/home/avatar/avtr_cd27aba2-7447-4dc6-ba38-560e8e132ff2"
"0039","サボテンAkyo","アキョテン","植物",,"teramo","https://vrchat.com/home/avatar/avtr_d7b18086-59bd-4e4d-877a-dd5091eeb481"
"0040","ローストAkyo","Roast_Akyo","食べ物,食べ物/お肉",,"teramo","https://vrchat.com/home/avatar/avtr_39d3a34e-ac77-44ef-8023-cb890f79cc5b"
"0041","キヌガサAkyo","キヌガサAkyo","菌類",,"teramo","https://vrchat.com/home/avatar/avtr_d90c1af0-58bb-43bc-aa8b-c8d51e25114c"
"0042","64ポリゴンAkyo","64Akyo","ローポリ,ギミック・特殊","色変更可能","teramo","https://vrchat.com/home/avatar/avtr_1c2eee3d-8d73-465b-bc66-551fcdff3dc1"
"0043","ミナミコアリクイAkyo","ミナミコアリクイAkyo","動物/アリクイ,動物",,"teramo","https://vrchat.com/home/avatar/avtr_03c93715-e49f-4992-969a-aec9f3d7682d"
"0044","苔Akyo","Moss","苔,植物",,"カヤ（kaya）","https://vrchat.com/home/avatar/avtr_7e4418e8-a734-4072-99c3-8653c755aaa8"
"0045","木目Akyo","Wood","植物,素材・材質・生地",,"カヤ（kaya）","https://vrchat.com/home/avatar/avtr_415137aa-5cbf-4027-b9b9-668303cc2f70"
"0046","大理石Akyo","Marble","素材・材質・生地,素材・材質・生地/石",,"カヤ（kaya）","https://vrchat.com/home/avatar/avtr_1501f28e-a6db-4a5e-8968-1da53a1a961d"
"0047","こんにゃくAkyo","konjacAkyo","食べ物","首が動く","ごまシフォン","https://vrchat.com/home/avatar/avtr_ca72a3f4-082b-4f5e-99b2-cf6abedfcd73"
"0048","UFOAkyo","UFAkyo","乗り物,UMA",,"nekononomicon","https://vrchat.com/home/avatar/avtr_6f73a233-3ed2-4c81-98d9-aaff1fc477cd"
"0049","調査船MU-KYO","調査船MU-KYO","乗り物,パロディ/ムーイ,パロディ",,"nekononomicon","https://vrchat.com/home/avatar/avtr_98bd2b2f-991e-42d2-86b5-ca576f02032a"
"0050","JustやきいもAkyo","JustやきいもAkyo","食べ物,ギミック・特殊,食べ物/料理",,"nekononomicon","https://vrchat.com/home/avatar/avtr_a2195b1e-688e-4d15-b144-4daa9982c00d"
"0051","レモンAkyo","レモンAkyo","食べ物,食べ物/フルーツ",,"nekononomicon","https://vrchat.com/home/avatar/avtr_900b8728-f5d5-41dd-abe8-d28e866231ae"
"0052","ヤギAkyo","％＆＠＄＃ヤギAkyo","動物/ヤギ,動物",,"nekononomicon","https://vrchat.com/home/avatar/avtr_82097fe1-f3fd-4755-b45b-a86c01ad6a49"
"0053","デビルヤギAkyo","デビルヤギAkyo","動物/ヤギ,悪魔・淫魔,動物",,"nekononomicon","https://vrchat.com/home/avatar/avtr_21d65ba5-081c-454e-8124-7aade9ef1a95"
"0054","チーズ牛丼Akyo","cheese_gyuakyo_v0․9","食べ物,食べ物/料理,食べ物/お肉",,"Hawawa9","https://vrchat.com/home/avatar/avtr_c2ba2bf3-942b-49c1-b22a-ff1dbd041d04"
"0055","皮Akyo","皮Akyo","動物/きつね,動物,素材・材質・生地","リアル狐Akyoとのこと","甘水あみ","https://vrchat.com/home/avatar/avtr_ccddd5fd-df57-47fa-b7ab-a3e0c868a4e7"
"0056","肉Akyo","肉Akyo","動物/きつね,食べ物,動物,食べ物/お肉",,"甘水あみ","https://vrchat.com/home/avatar/avtr_189e56d5-4ce0-4d9a-b965-e3b0f8056fb5"
"0057","トピアリーAkyo","トピアリーAkyo","植物",,"甘水あみ","https://vrchat.com/home/avatar/avtr_1689b5fa-6a1e-4fbb-ae53-f74ac3f3c150"
"0058","サイバーAkyo","CyberAkyo","チョコミント類,パロディ/Cyberpunk,パロディ,電子",,"Holimond.jp","https://vrchat.com/home/avatar/avtr_130cc445-7bbe-4477-8b47-eae583097c5f"
"0059","陸自Akyo","陸自Akyo","職業・家柄",,"long-potato","https://vrchat.com/home/avatar/avtr_2d80cf2e-afd4-464a-824e-27f38d4165de"
"0060","農kyo","NOKYO","職業・家柄",,"long-potato","https://vrchat.com/home/avatar/avtr_cb7a3393-d5e0-4580-9ab3-de2f34a25ee3"
"0061","スギゴケAkyo","sugigokeakyo","苔,植物",,"long-potato","https://vrchat.com/home/avatar/avtr_d486c325-a03c-4e3f-8162-62b49a2ef279"
"0062","マンボーAkyo","ManbowAkyo","動物/魚,動物",,"long-potato","https://vrchat.com/home/avatar/avtr_1063161d-4535-4896-b797-0f5ba63042b8"
"0063","ワイルズAkyo","ワイルズAkyo","チョコミント類,ローポリ",,"long-potato","https://vrchat.com/home/avatar/avtr_78e8ae99-4c21-428b-9e05-1ec42a74102a"
"0064","デニムAkyo","Akyo_Denim","素材・材質・生地",,"らど/rado1031","https://vrchat.com/home/avatar/avtr_4b4a1951-c15d-4adf-833f-dbe11d3e0752"
"0065","マグマAkyo","Akyo_Magma","素材・材質・生地,素材・材質・生地/石",,"らど/rado1031","https://vrchat.com/home/avatar/avtr_e2e85e82-5f1e-4557-a957-bed11f0c9f7a"
"0066","監視者Akyo","Akyo_Watcher","ギミック・特殊",,"らど/rado1031","https://vrchat.com/home/avatar/avtr_4d4cb080-6d17-4898-8d18-3910bb2b2007"
"0067","ステルスAkyo","Akyo_Stealth","素材・材質・生地",,"らど/rado1031","https://vrchat.com/home/avatar/avtr_8f0a7c2d-4c8f-47ff-98cd-479a99b155d4"
"0068","TIAシャツAkyo","Akyo_Shirt_TIA","チョコミント類,ギミック・特殊","『THIS IS AKYO!』のシャツを着たAkyo","らど/rado1031","https://vrchat.com/home/avatar/avtr_900b9f1b-9400-4167-884c-04ead786ce0c"
"0069","エラーAkyo","errorAkyo","ギミック・特殊",,"葱 potipoti93","https://vrchat.com/home/avatar/avtr_c784d244-57e3-4cd8-8cde-62c6438ee161"
"0070","ねこですAkyo","AKYo-040-jp","パロディ/SCP,パロディ,動物,動物/ねこ",,"葱 potipoti93","https://vrchat.com/home/avatar/avtr_c7806ddb-31a4-454b-a3e7-1402214190bf"
"0071","モナリザAkyo","monAkyoriza","チョコミント類,芸術・アート",,"葱 potipoti93","https://vrchat.com/home/avatar/avtr_5dec48b1-73e1-4d09-98bc-f4439d1db740"
"0072","テレビAkyo","TVideoAkyo","チョコミント類,機械,家電・家具",,"葱 potipoti93","https://vrchat.com/home/avatar/avtr_2ea366db-004f-4502-b613-700bd7478e74"
"0073","ずんだもんAkyo","Akyodamon_yousei","パロディ/ずんだもん,パロディ",,"葱 potipoti93","https://vrchat.com/home/avatar/avtr_7fcde9bb-0dba-4e81-8457-ca29ada051d1"
"0074","ゆるめのアヌビスAkyo","Yurumeno_Akyobis","架空の存在,架空の存在/天使・神","葱さん式アヌビスAkyo","葱 potipoti93","https://vrchat.com/home/avatar/avtr_1d8a7298-ac5c-4a47-91db-0ff2f6f2e07a"
"0075","選挙ポスターAkyo","senAkyoposter","チョコミント類,芸術・アート,家電・家具",,"葱 potipoti93","https://vrchat.com/home/avatar/avtr_f4f0dad1-98e9-4c57-a6f3-2bf7b37a5c58"
"0076","おさとうAkyo","SugarpotAkyo","調味料",,"葱 potipoti93","https://vrchat.com/home/avatar/avtr_6ec37955-3998-4ad5-bb0c-44e0e3b1a5cd"
"0077","ベクシンスキーAkyo","BeksinskiAkyo","芸術・アート",,"葱 potipoti93","https://vrchat.com/home/avatar/avtr_4d10865e-3bd5-488c-9f72-65724e6b58bb"
"0078","タレットAkyo","TurretAkyo","機械",,"葱 potipoti93","https://vrchat.com/home/avatar/avtr_e17fe2a3-c351-4ca8-8e90-10ea077019cc"
"0079","カニになりたいAkyo","KanininaritaiAkyo","動物/カニ,動物",,"葱 potipoti93","https://vrchat.com/home/avatar/avtr_b0c29ba2-2c8f-496d-abcf-6693567db8a5"
"0080","ルネAkyo","Rene_MAkyoritte","動物/魚,芸術・アート,動物",,"葱 potipoti93","https://vrchat.com/home/avatar/avtr_4bbdb42f-e1ff-4609-94df-bdf905b830fc"
"0081","カーバンクルAkyo","カーバンクルAkyo","架空の存在,架空の存在/幻獣・精霊",,"幻遊童子","https://vrchat.com/home/avatar/avtr_386955dc-f23f-47e6-aefd-5a51871b64d2"
"0082","DDT-AKYO","DDT-AKYO","パロディ,パロディ/どんどん亭",,"スケタ_","https://vrchat.com/home/avatar/avtr_ede60d3a-1aa4-4615-98cb-72b765231feb"
"0083","もぐらAkyo","もぐらAkyo","動物/もぐら,動物",,"スケタ_","https://vrchat.com/home/avatar/avtr_f7f10558-f0d3-43c2-996a-027264644d10"
"0084","ゾウクラゲAkyo","ゾウクラゲAkyo","動物/クラゲ,動物,動物/海の生き物",,"スケタ_","https://vrchat.com/home/avatar/avtr_d44f6860-c79f-41ab-b7a8-cb7cc9b4ee89"
"0085","タコスAkyo","タコスAkyo","食べ物,食べ物/料理",,"スケタ_","https://vrchat.com/home/avatar/avtr_7deaf4fd-fb4d-4e53-8471-b84d2ce584a4"
"0086","もしもピアノになれたならAkyo","もしもピアノになれたならAkyo","音楽・楽器,願い事",,"よーつーよぼー","https://vrchat.com/home/avatar/avtr_9c938fc7-943c-4cc5-a70c-3c20882898c4"
"0087","スク水Akyo","スク水あきょう","衣類・衣装,飲み物",,"syuninn39","https://vrchat.com/home/avatar/avtr_0f95048d-98e0-4b42-91fc-6c011037166f"
"0088","チンアナゴAkyo","ちんあきょー","動物/魚,動物",,"syuninn39","https://vrchat.com/home/avatar/avtr_6f1d2dab-b56a-456c-87ab-bf1d22913e41"
"0089","うねAkyo","UneAkyo","ギミック・特殊",,"Sau-AU","https://vrchat.com/home/avatar/avtr_63cf426a-f1df-4905-8a00-40f188e2f077"
"0090","分身Akyo","BunshinAkyo","ギミック・特殊",,"Sau-AU","https://vrchat.com/home/avatar/avtr_70370223-953b-42f4-81b8-258060f8d449"
"0091","ステンドグラスAkyo","StainedGlassAkyo","芸術・アート,素材・材質・生地,素材・材質・生地/石",,"Sau-AU","https://vrchat.com/home/avatar/avtr_56f36a30-a80a-4bb4-a528-00432c10fa5d"
"0092","消えるAkyo","KieruAkyo","ギミック・特殊",,"Sau-AU","https://vrchat.com/home/avatar/avtr_a28bea18-d9bb-4f5d-8383-9056c1fd48b9"
"0093","UV展開Akyo","UVtenkaiAkyo","ギミック・特殊",,"Sau-AU","https://vrchat.com/home/avatar/avtr_abc7e6b3-3809-40de-9022-c8898af75572"
"0094","色変更Akyo","ColorChangeAkyo","ギミック・特殊",,"Sau-AU","https://vrchat.com/home/avatar/avtr_b1af3172-a8e1-47cb-99db-7942f1ccec6a"
"0095","ランダムノイズAkyo","RandomNoiseAkyo","ギミック・特殊",,"Sau-AU","https://vrchat.com/home/avatar/avtr_2fbb83fd-2e73-43d8-a5e3-3bf01a5180d0"
"0096","ゆがむAkyo","DistortionAkyo","ギミック・特殊",,"Sau-AU","https://vrchat.com/home/avatar/avtr_5091df1c-059b-4e37-8b36-32392ad98b61"
"0097","モザイクAkyo","MosaicAkyo","ギミック・特殊",,"Sau-AU","https://vrchat.com/home/avatar/avtr_e2e244da-1e4c-4225-89e8-e8925238df5d"
"0098","落ちそうAkyo","OtisouAkyo","ギミック・特殊",,"Sau-AU","https://vrchat.com/home/avatar/avtr_5831a624-e498-42d3-899b-329e6fee5f33"
"0099","波動Akyo","HadouAkyo","ギミック・特殊",,"Sau-AU","https://vrchat.com/home/avatar/avtr_b45f3a26-0632-4654-b798-f8ca0d57f212"
"0100","ヒプノシスAkyo","HypnosisAkyo","ギミック・特殊",,"Sau-AU","https://vrchat.com/home/avatar/avtr_7f1ec618-fcc2-4ec5-a06d-950867cf91d1"
"0101","吸い込まれるAkyo","SuikomareruAkyo","ギミック・特殊",,"Sau-AU","https://vrchat.com/home/avatar/avtr_e1737069-cff2-4dcc-934f-828786678748"
"0102","グリッチAkyo","GlitchAKyo","電子",,"Sau-AU","https://vrchat.com/home/avatar/avtr_ae211149-d7a5-4ce4-9cd8-8854c18dd477"
"0103","ボクセルAkyo","BoxelAkyo","素材・材質・生地",,"Sau-AU","https://vrchat.com/home/avatar/avtr_466a40fb-5aeb-4a7d-831b-5d815ddaa43e"
"0104","レインボーAkyo","RainbowAkyo","色",,"Sau-AU","https://vrchat.com/home/avatar/avtr_1d9cb50f-6080-4aa5-a62d-109dc2602794"
"0105","サウAkyo","SauAkyo","パロディ,パロディ/人物",,"Sau-AU","https://vrchat.com/home/avatar/avtr_987cc6da-2d65-4cc3-881b-e0f528fd0ac2"
"0106","消えるAkyo3.0","KieruAkyo3․0","ギミック・特殊",,"Sau-AU","https://vrchat.com/home/avatar/avtr_353097b1-5927-4952-9aad-9606885cf438"
"0107","サラマンダーAkyo","SalamanderAkyo","架空の存在,架空の存在/幻獣・精霊","うぱAkyoと呼んだりもする","SauAu","https://vrchat.com/home/avatar/avtr_44fec38a-0008-4421-98aa-9dfdc4030c44"
"0108","メルトAkyo","MeltedAkyo","ギミック・特殊","スライムAkyoかも","SauAu","https://vrchat.com/home/avatar/avtr_d2b73f03-0c08-4d5a-9819-9f91aa9659e1"
"0109","リアルAkyo","RealAlyo_Light","芸術・アート,実写",,"kumax9","https://vrchat.com/home/avatar/avtr_f159ccc0-e850-4468-a8e0-19c68b376a96"
"0110","デブAkyo","Akyo_debu","体型",,"kumax9","https://vrchat.com/home/avatar/avtr_edc3a97f-5745-4a44-9cba-21f064f87617"
"0111","天使Akyo","Akyo Angel","架空の存在,架空の存在/天使・神",,"ElzharWP1／アレゾー","https://vrchat.com/home/avatar/avtr_5bcb4d80-7826-4a40-ba70-7e020504497a"
"0112","さいばーあきょう","さいばーあきょう","電子",,"BunyanP","https://vrchat.com/home/avatar/avtr_038fdf9c-9c4d-415b-b890-16d5e32eca8c"
"0113","テルミンAkyo","テルミンAkyo","音楽・楽器",,"dekadan","https://vrchat.com/home/avatar/avtr_abbbfdef-ea4f-426f-92e6-aaeb4df3c0e6"
"0114","ふわふわAkyo","ふわふわAkyo","素材・材質・生地","472番は別作者バージョン","雨音さかな","https://vrchat.com/home/avatar/avtr_74cec706-10c1-4bb2-9f3d-6d829dbd182a"
"0115","お祭りAkyo","matsuri akyo ＋pen","季節・行事",,"あるてに ⁄ Arteni","https://vrchat.com/home/avatar/avtr_a43e9175-ae4b-4c8e-80b2-1e8f371d886b"
"0116","ひなたAkyo","HinataAkyo","自然",,"ヒーハー ObamaSonic","https://vrchat.com/home/avatar/avtr_7fa2c48e-693e-4130-93a4-ca054a4ccb36"
"0117","メジェドAkyo","メジェドAkyo","架空の存在,架空の存在/天使・神",,"arukaH․","https://vrchat.com/home/avatar/avtr_102d48b3-a841-47b1-ba93-042901dc84ac"
"0118","アマゴを背負うAkyo","AMAGOAkyo","動物,動物/海の生き物",,"zhoney666","https://vrchat.com/home/avatar/avtr_04a0b933-d2a1-46a3-9337-25767167282a"
"0119","カツオを背負うAkyo","KATUO＿Akyo","動物,動物/海の生き物",,"zhoney666","https://vrchat.com/home/avatar/avtr_a2d0044a-474e-478f-932a-b04e393ad2b3"
"0120","草Akyo","KUSAAkyo","植物",,"zhoney666","https://vrchat.com/home/avatar/avtr_35454860-8134-4485-8c7c-2eeb9dabd3ce"
"0121","キラキラAkyo","KIRAKIRAAkyo","ギミック・特殊",,"zhoney666","https://vrchat.com/home/avatar/avtr_36de6112-6f2e-483f-85ae-5d3f79fc80d6"
"0122","後光がなんかすごいAkyo","後光がなんかすごいAkyo","架空の存在,架空の存在/天使・神",,"zhoney666","https://vrchat.com/home/avatar/avtr_6505171c-e680-4ef8-8845-b7a7ac342d68"
"0123","泡Akyo","泡Akyo","ギミック・特殊","泡Akyo1体目","ふらっと（flat）","https://vrchat.com/home/avatar/avtr_31cdcccc-66c2-4632-8d08-0a319b583ac9"
"0124","回折格子Akyo","回折格子Akyo","素材・材質・生地,素材・材質・生地/石",,"ふらっと（flat）","https://vrchat.com/home/avatar/avtr_a24f37ec-7d3a-4537-85a9-a58c18080737"
"0125","色胞光学迷彩Akyo","色胞光学迷彩Akyo","ギミック・特殊",,"ふらっと（flat）","https://vrchat.com/home/avatar/avtr_53f69d22-b2d6-4ecf-aa89-936fd9440e6d"
"0126","ヒョウモントカゲモドキAkyo","ヒョウモントカゲモドキAkyo","動物/ヤモリ,動物",,"ふらっと（flat）","https://vrchat.com/home/avatar/avtr_c484e100-e8ec-4fd1-8ee8-10ffd543e537"
"0127","ヤンバルクイナAkyo","ヤンバルクイナAkyo","動物,動物/ヤンバルクイナ",,"まーほん（marhon）","https://vrchat.com/home/avatar/avtr_8f7cb0a2-1711-459b-84fd-0582fb296e26"
"0128","パーティクルAkyo","Akyo","ギミック・特殊",,"Landy_Jozo","https://vrchat.com/home/avatar/avtr_736053d2-b02c-44d0-b3e3-aaaeb46f61d6"
"0129","焼きAkyo","yaki AKYO","食べ物,食べ物/料理",,"HINA_HERCURES","https://vrchat.com/home/avatar/avtr_c71d206f-8ac4-4729-9474-a5f77b44165c"
"0130","ぼんじりAkyo","ぼんじり（お徳用）","食べ物,食べ物/料理",,"HINA_HERCURES","https://vrchat.com/home/avatar/avtr_287614de-96d7-49d6-af80-110b34e6f442"
"0131","踊り子Akyo","踊り子Akyo","職業・家柄",,"YukiYukiVirtual","https://vrchat.com/home/avatar/avtr_b200729e-1158-43a5-9ff8-0a84fbca061f"
"0132","グッチAkyo","Gucci Akyo","衣類・衣装","柄はフリーのため権利的にはセーフ","SplitScream","https://vrchat.com/home/avatar/avtr_0662515d-ce3d-4f57-b9a6-e08b7bb5eff2"
"0133","すあまAkyo","akyo_suama","食べ物,食べ物/スイーツ",,"fues（ひゅーず）","https://vrchat.com/home/avatar/avtr_49763c1f-27e1-4377-89b9-26230d6f99dc"
"0134","アメジストAkyo","AmethystAkyo","素材・材質・生地,素材・材質・生地/石",,"しみずあきら","https://vrchat.com/home/avatar/avtr_ffad6923-877f-4a5d-83b1-d4c2bb8d66b1"
"0135","段ボールAkyo","akyo snake","パロディ/メタルギアソリッド,パロディ",,"qchan949","https://vrchat.com/home/avatar/avtr_6cc5a8d4-d1e9-49f5-8836-6afe115e3bd6"
"0136","しいたけAkyo","akyo_poopake","食べ物,食べ物/野菜",,"qchan949","https://vrchat.com/home/avatar/avtr_9c63f638-d475-4c56-b1c5-3d9540cab7b4"
"0137","それんAkyo","akyo_soren","歴史",,"qchan949","https://vrchat.com/home/avatar/avtr_527c7c86-4eab-4281-a7ff-5576b1bb0b63"
"0138","じょんAkyo","akyo_jon","衣類・衣装",,"qchan949","https://vrchat.com/home/avatar/avtr_48185046-29cf-4b04-a4a5-2288717b7e30"
"0139","雪だるまAkyo","akyo_orf","家電・家具,季節・行事,自然,歴史",,"qchan949","https://vrchat.com/home/avatar/avtr_4a34a656-b5f0-4367-890f-019196f6613a"
"0140","窓Akyo","akyo_window","家電・家具",,"qchan949","https://vrchat.com/home/avatar/avtr_47e6a1f1-43bf-4cf5-ac73-92139b9b6b88"
"0141","ケーキAkyo","cake","食べ物,食べ物/スイーツ","qchan949式ケーキAkyo","qchan949","https://vrchat.com/home/avatar/avtr_fdb6ca57-ebef-44fd-b0d9-22838f480f16"
"0142","みかんAkyo","sau","食べ物,食べ物/フルーツ",,"qchan949","https://vrchat.com/home/avatar/avtr_47f9c7d9-6701-4c4b-bc34-193d9f951043"
"0143","おんがくAkyo","akyo_music_01","音楽・楽器",,"qchan949","https://vrchat.com/home/avatar/avtr_9aa27087-64b8-4eb1-b846-cca08f4b0678"
"0144","かたつむりAkyo","snileakyo","動物,動物/かたつむり",,"qchan949","https://vrchat.com/home/avatar/avtr_3b57d833-d1da-4176-87f6-fbd417093716"
"0145","めんしすAkyo？","メンシス学派","ギミック・特殊",,"qchan949","https://vrchat.com/home/avatar/avtr_7d9ea317-7ff9-476b-b31f-930381e3aac6"
"0146","ベニスAkyo","Venice Akyo","歴史",,"Kageji_jp","https://vrchat.com/home/avatar/avtr_5ff63b39-3991-419a-a5ee-285c328a0771"
"0147","νAkyo","νAkyo","電子",,"Kurosuke28","https://vrchat.com/home/avatar/avtr_db8ff398-41a6-41df-9dbf-17297161f801"
"0148","J2m3Akyo","J2m3","電子",,"Rat_San","https://vrchat.com/home/avatar/avtr_0a67b533-a60c-4ee3-8965-cd850220c76b"
"0149","virtual bayroi4Akyo","virtual bayroi 4","電子",,"Rat_San","https://vrchat.com/home/avatar/avtr_3cf69c07-bf31-434d-b99c-6deeb52f2854"
"0150","HinyoAkyo","Hinyo","ギミック・特殊",,"Kageji_jp","https://vrchat.com/home/avatar/avtr_d03b5e80-a5a0-4540-9235-eb4f2d6fac06"
"0151","うしAkyo","Akyo Cow 256","動物,動物/うし","海外の方が作られたうしAkyo","Dithuzad","https://vrchat.com/home/avatar/avtr_4df81f11-643b-43e9-abd8-c15aa109a37a"
"0152","ポンチョAkyo","akyo___________雨","衣類・衣装","初期は_が長い","ささのき","https://vrchat.com/home/avatar/avtr_ea0397b8-c8e1-4c9a-a1e7-c5ca48c090de"
"0153","ハロウィンAkyo","akyo__________コスプレ","ハロウィン,季節・行事",,"ささのき","https://vrchat.com/home/avatar/avtr_9c73ed86-4a38-444e-b322-a6e02bca900c"
"0154","工事Akyo","akyo____安全","チョコミント類,職業・家柄",,"ささのき","https://vrchat.com/home/avatar/avtr_cc69727b-9d2b-4e74-b874-3235df98c67f"
"0155","タオルAkyo","akyo____タオル","家電・家具,お風呂",,"ささのき","https://vrchat.com/home/avatar/avtr_969d3c87-669c-475a-8721-41e691ec6aef"
"0156","アロハAkyo","akyo____アロハ","衣類・衣装",,"ささのき","https://vrchat.com/home/avatar/avtr_f618b1bc-8093-472a-873c-a3370f6bcab4"
"0157","トナカイAkyo","akyo___トナカイ","動物,動物/トナカイ",,"ささのき","https://vrchat.com/home/avatar/avtr_3296e664-26b9-430f-b63a-1229f212997d"
"0158","サンタAkyo","akyo___サンタ","衣類・衣装",,"ささのき","https://vrchat.com/home/avatar/avtr_fc36d46b-05bf-495d-b946-cbf61119bfa2"
"0159","きつねAkyo","akyo__fox","動物/きつね,動物",,"ささのき","https://vrchat.com/home/avatar/avtr_fc558b6d-0f92-4288-a712-13c6b2e95de9"
"0160","オコジョAkyo","akyo__fox2","動物,動物/オコジョ","なぜかfox2","ささのき","https://vrchat.com/home/avatar/avtr_4413eeb4-2b37-43f7-b3c4-0b4ff781f8c2"
"0161","きつねAkyo2","akyo__fox3","動物/きつね,動物",,"ささのき","https://vrchat.com/home/avatar/avtr_61185638-323e-42c9-9048-a5d4d9f1281f"
"0162","すしAkyo","akyo__すし","食べ物,食べ物/料理,食べ物/お寿司","初代すしAkyo","ささのき","https://vrchat.com/home/avatar/avtr_eb6e1511-0bf0-4c51-9e66-f4b8c5914bff"
"0163","くまAkyo","akyo__くま","動物,動物/くま",,"ささのき","https://vrchat.com/home/avatar/avtr_a9218753-7c1f-4f7a-bf87-ea2f518a061c"
"0164","くまAkyo2","akyo__くま２","動物,動物/くま","この色は‥","ささのき","https://vrchat.com/home/avatar/avtr_7a72f910-f0a8-489a-ad70-e6c7eb03dc25"
"0165","かがみもちAkyo","akyo__もち","食べ物,食べ物/スイーツ",,"ささのき","https://vrchat.com/home/avatar/avtr_f2a1886a-4a24-4d55-ba0f-af69f877728f"
"0166","ねずみAkyo","akyo__rat","動物,動物/ねずみ",,"ささのき","https://vrchat.com/home/avatar/avtr_d906beb7-8fae-4c30-9202-c9134256314f"
"0167","ナスAkyo","akyo__ナス","食べ物,食べ物/野菜",,"ささのき","https://vrchat.com/home/avatar/avtr_959c288a-5018-4557-af3a-d2ba4ead41d5"
"0168","みかんちゃんAkyo","akyo__mikan","食べ物,食べ物/フルーツ",,"ささのき","https://vrchat.com/home/avatar/avtr_b81c93d2-5dc5-4bdb-8cc5-167cacbac88f"
"0169","どらごんAkyo","akyo_どらごん 1․52","架空の存在,ひこう,動物,架空の存在/りゅう・ドラゴン",,"ささのき","https://vrchat.com/home/avatar/avtr_a197978a-19f3-4282-95f9-884320ef57c7"
"0170","おにAkyo","skyo__oni","架空の存在,架空の存在/妖怪・おばけ","skyoなのはミス？","ささのき","https://vrchat.com/home/avatar/avtr_677186b1-0a7c-4885-9d5a-200e03ec16f6"
"0171","はーふAkyo","akyo_half","体型",,"ささのき","https://vrchat.com/home/avatar/avtr_5676c82c-13b3-489f-8b2b-24064e689b9a"
"0172","かっぱAkyo","akyo_kappa","架空の存在,架空の存在/妖怪・おばけ","会えたらラッキー","ささのき","https://vrchat.com/home/avatar/avtr_21c11fa6-1ecd-49c8-95f0-c1d8719f6d77"
"0173","たぬきAkyo","akyo_tanuki","動物,動物/たぬき",,"ささのき","https://vrchat.com/home/avatar/avtr_0d78a816-74ea-4255-a886-1fe78bd578f9"
"0174","バーガーAkyo","akyoバーガー","食べ物,食べ物/料理",,"ささのき","https://vrchat.com/home/avatar/avtr_09ba015d-8a4a-4052-a3bb-27338b404eba"
"0175","ちくわAkyo","akyo_ちくわ","食べ物,食べ物/料理","内側が気になる","ささのき","https://vrchat.com/home/avatar/avtr_ca614f53-b7cc-47f1-b10d-577e150fdbd3"
"0176","ナースAkyo","akyo_ナース","職業・家柄",,"ささのき","https://vrchat.com/home/avatar/avtr_90058d68-5c07-4632-a4e0-ee53b0344a55"
"0177","マフラーAkyo","akyo_マフラー","衣類・衣装",,"ささのき","https://vrchat.com/home/avatar/avtr_b0dd2e0a-012c-4867-99c8-22a7e4b0ee79"
"0178","ペンギンAkyo","akyo_ペンギン","動物,動物/海の生き物,動物/ペンギン,動物/鳥,家電・家具",,"ささのき","https://vrchat.com/home/avatar/avtr_8cf07106-3ca2-4e95-9997-ca9351395ebc"
"0179","サメAkyo","akyo_shark","動物,動物/海の生き物,動物/サメ","初代サメAkyo","ささのき","https://vrchat.com/home/avatar/avtr_e45b5e92-5491-4a9b-b273-9a57d31b17c7"
"0180","うさぎAkyo","akyo_うさぎ","動物,動物/うさぎ",,"ささのき","https://vrchat.com/home/avatar/avtr_94a9cb60-c2b8-4b11-a790-d45347085cdc"
"0181","たんぽぽAkyo","akyo_たんぽぽ","植物",,"ささのき","https://vrchat.com/home/avatar/avtr_f3908ea2-fa83-44e9-b119-24575474b27e"
"0182","シスターAkyo","akyo_シスター","職業・家柄",,"ささのき","https://vrchat.com/home/avatar/avtr_3b3feea7-e6ec-414b-b4b3-83152f02954a"
"0183","狐シスターAkyo","akyo_狐シスター","職業・家柄",,"ささのき","https://vrchat.com/home/avatar/avtr_475416d0-6e42-402b-b5e0-129cc8d8a071"
"0184","郵便Akyo","akyo_郵便","職業・家柄",,"ささのき","https://vrchat.com/home/avatar/avtr_cd62208e-db35-4573-9454-c5b18d9392a5"
"0185","プリンAkyo","akyo_プリン","食べ物,食べ物/スイーツ",,"ささのき","https://vrchat.com/home/avatar/avtr_46df5292-f719-4f01-be76-516650891c1e"
"0186","だいこんAkyo","akyo_だいこん","食べ物,食べ物/野菜",,"ささのき","https://vrchat.com/home/avatar/avtr_1c1e05e3-8a9d-40d6-a606-e6d86b0b7931"
"0187","うしAkyo","akyo_うし","動物,動物/うし",,"ささのき","https://vrchat.com/home/avatar/avtr_0fe1984c-8c4d-457f-a58a-86fff3b8209e"
"0188","コーヒーAkyo","akyo_coffee","飲み物",,"ささのき","https://vrchat.com/home/avatar/avtr_916dee71-17e0-438b-b474-a0ff0341c209"
"0189","インディアンAkyo","akyo_いんでぃあん","衣類・衣装",,"ささのき","https://vrchat.com/home/avatar/avtr_69288b67-c532-4dba-b16d-8ed3993582c0"
"0190","トロピカルAkyo1","akyo_トロピカル","季節・行事",,"ささのき","https://vrchat.com/home/avatar/avtr_3332d895-c860-405f-83d2-80f3111a4929"
"0191","トロピカルAkyo2","akyoトロピカル２","季節・行事",,"ささのき","https://vrchat.com/home/avatar/avtr_1f25b9c8-887d-4f9b-97b9-d0713b7289fd"
"0192","トロピカルAkyo3","akyo_トロピカル３","季節・行事",,"ささのき","https://vrchat.com/home/avatar/avtr_fea9887c-bbf8-41b3-a8de-31565b6c749a"
"0193","にんじゃAkyo","akyo_ninja","職業・家柄",,"ささのき","https://vrchat.com/home/avatar/avtr_bfb73e94-4acf-4401-80fc-e8175486e0f6"
"0194","ばななAkyo","akyo_banana","食べ物,食べ物/フルーツ",,"ささのき","https://vrchat.com/home/avatar/avtr_a2b96174-dfc2-4125-93bd-9f153f1f6ca0"
"0195","ハリネズミAkyo","akyo_ハリネズミ","動物,動物/ハリネズミ",,"ささのき","https://vrchat.com/home/avatar/avtr_9d4980e3-eca6-42cf-ad9b-6e8a1d6d6271"
"0196","朝顔Akyo","akyo_asagao","植物",,"ささのき","https://vrchat.com/home/avatar/avtr_4189b47b-64f8-4d5e-9d75-856d5b29e334"
"0197","赤飯Akyo","akyo_sekihan","食べ物,食べ物/料理",,"ささのき","https://vrchat.com/home/avatar/avtr_8cf8decf-a8c8-4290-a983-87dc824e3e3c"
"0198","バニーAkyo","akyo_バニー","衣類・衣装",,"ささのき","https://vrchat.com/home/avatar/avtr_99d9cfe3-5b6c-4ab6-a48f-f3ccb4c020c9"
"0199","アルパカAkyo","akyo_アルパカ","動物,動物/アルパカ","チョコミント類ではない","ささのき","https://vrchat.com/home/avatar/avtr_36b0ccac-72c6-4f68-9474-4898a7355329"
"0200","アルパカAkyo2","akyo_アルパカ2","動物,動物/アルパカ",,"ささのき","https://vrchat.com/home/avatar/avtr_48249a7a-fbc2-4668-b1a6-9b78dc053736"
"0201","とろろAkyo","akyo_TORORO","パロディ,パロディ/となりのトトロ","トロロ‥","ささのき","https://vrchat.com/home/avatar/avtr_36624382-f918-47fb-9bdb-dc02b67df8d3"
"0202","とろろAkyo2","akyo_TORORO2","パロディ,パロディ/となりのトトロ","腕がある","ささのき","https://vrchat.com/home/avatar/avtr_22aae6f5-3641-4d7a-b9ee-8751d584693c"
"0203","ゆかたAkyo","akyo_yukata1","衣類・衣装",,"ささのき","https://vrchat.com/home/avatar/avtr_e2ccce43-1bb6-4962-be94-bf341e6df024"
"0204","ふぉーるAkyo","akyo_fall","季節・行事",,"ささのき","https://vrchat.com/home/avatar/avtr_e53958d7-1a6a-4ad6-918f-de3cc4935bb9"
"0205","ひよこAkyo","akyo_hiyoko","動物,動物/鳥",,"ささのき","https://vrchat.com/home/avatar/avtr_1215c40a-e4af-4dfe-9787-57907e610c41"
"0206","海辺Akyo","akyo_sea","自然",,"ささのき","https://vrchat.com/home/avatar/avtr_90e8e6ec-c455-4a45-b778-89651e4baec3"
"0207","あしがるAkyo","akyo_asigaru2","職業・家柄","asigaru1は没案","ささのき","https://vrchat.com/home/avatar/avtr_711b3c52-9f3d-479b-abdc-6c1b3f639cbd"
"0208","ゆうれいAkyo/ゴーストAkyo","akyo_ghost 3․0","架空の存在,架空の存在/妖怪・おばけ","おばけシリーズの始祖","ささのき","https://vrchat.com/home/avatar/avtr_34834487-1367-4c24-baea-5e2e3fd6d5da"
"0209","フランケンAkyo","akyo_フランケン","ハロウィン,季節・行事,架空の存在,架空の存在/妖怪・おばけ",,"ささのき","https://vrchat.com/home/avatar/avtr_9c86e679-6d0e-4a64-8aec-a666c0bb3127"
"0210","ミイラAkyo","akyo_ミイラ","ハロウィン,季節・行事,架空の存在,架空の存在/妖怪・おばけ",,"ささのき","https://vrchat.com/home/avatar/avtr_c1a939ff-b601-46ad-8041-49948e8d04f9"
"0211","さつまいもAkyo","akyo_サツマイモ","食べ物,食べ物/野菜",,"ささのき","https://vrchat.com/home/avatar/avtr_6e236506-58d9-410e-99d6-344527f6b7dd"
"0212","コートきつねAkyo","akyo_coat","動物/きつね,動物",,"ささのき","https://vrchat.com/home/avatar/avtr_20553520-5c47-41cf-9815-1c160e1a8cfd"
"0213","ししまいAkyo","akyo_sisimai","季節・行事","わるいキッズAkyoを襲う","ささのき","https://vrchat.com/home/avatar/avtr_3f41cb57-4272-4f6a-8091-e4c5c9dfcedf"
"0214","巫女きつねAkyo","akyo_miko","動物/きつね,動物,職業・家柄",,"ささのき","https://vrchat.com/home/avatar/avtr_a0c16e22-fb58-4040-b58b-bcce4ce9ffa1"
"0215","ひつじAkyo","akyo_sheep","動物,動物/ひつじ",,"ささのき","https://vrchat.com/home/avatar/avtr_d70abf49-48d4-47aa-ba54-018671093563"
"0216","ローポリきつねAkyo","akyo_狐ローポリ","動物/きつね,動物,ローポリ",,"ささのき","https://vrchat.com/home/avatar/avtr_298de4f3-d106-4742-a795-7442cd7bd5cd"
"0217","amongAkyo","akyo_among","架空の存在,パロディ,パロディ/Among Us",,"ささのき","https://vrchat.com/home/avatar/avtr_1e9aed2c-daed-4b61-a2c0-71a5f6805432"
"0218","エジプトAkyo/ファラオAkyo","akyo_ファラオ","歴史",,"ささのき","https://vrchat.com/home/avatar/avtr_e2e08913-bd24-4e64-9175-5eefc0d5cf32"
"0219","きつねたいやきAkyo","akyo_taiyaki","動物/きつね,動物,食べ物,食べ物/料理",,"ささのき","https://vrchat.com/home/avatar/avtr_ceeb309c-1a40-4428-b40a-b2db5c5c926c"
"0220","いぬAkyo","akyo_dog","動物,動物/いぬ",,"ささのき","https://vrchat.com/home/avatar/avtr_79c61874-9523-4be9-9518-84a00a31b685"
"0221","とうもろこしAkyo","akyo_Corn","食べ物,食べ物/野菜",,"ささのき","https://vrchat.com/home/avatar/avtr_18a4a48c-eb45-4023-bc8c-c9f708f5997e"
"0222","かいぞくAkyo","akyo_kaizoku","職業・家柄",,"ささのき","https://vrchat.com/home/avatar/avtr_f02535d3-5b8a-4589-a468-a129f002c45b"
"0223","きつねAkyoV2","akyo_fox V2","動物/きつね,動物",,"ささのき","https://vrchat.com/home/avatar/avtr_270596d5-eb6c-49f0-8e3e-547b8ad5dfad"
"0224","にんじんAkyo","akyo_にんじん","食べ物,食べ物/野菜",,"ささのき","https://vrchat.com/home/avatar/avtr_0375af58-540b-4fe5-bfab-6d7b5212350b"
"0225","おそうじAkyo","akyo___おそうじ 0․303","職業・家柄",,"ささのき","https://vrchat.com/home/avatar/avtr_4aa294f8-df3e-447b-b5d1-9753663a69e3"
"0226","とらAkyo","akyo_tora","動物,動物/とら",,"ささのき","https://vrchat.com/home/avatar/avtr_ac962bce-4567-4cbd-b25c-be16058a19cd"
"0227","ふりそできつねAkyo","きつねkyo_振袖","動物/きつね,動物","Aがない","ささのき","https://vrchat.com/home/avatar/avtr_0d6f6089-2fda-4125-86ce-30d53ac2e548"
"0228","九尾きつねAkyo","akyo_fox9 1․55","動物/きつね,動物","浴衣も着ている","ささのき","https://vrchat.com/home/avatar/avtr_347af16a-3802-4214-846c-f027276410df"
"0229","フライAkyo","akyo_Fried 1․4","食べ物,食べ物/料理","えびフライ？","ささのき","https://vrchat.com/home/avatar/avtr_43a755ef-8725-43bd-81c8-9c60b817cf0f"
"0230","メイドきつねAkyo","akyo___メイド 1․74","動物/きつね,動物,職業・家柄",,"ささのき","https://vrchat.com/home/avatar/avtr_b6d06215-a01a-44f7-abfe-f9ef5d57b1db"
"0231","かき氷Akyo","akyo_かき氷 1․061","食べ物,食べ物/スイーツ","色変更可能","ささのき","https://vrchat.com/home/avatar/avtr_6fa94c58-2222-4f99-8fa1-b10790a8da27"
"0232","歩兵Akyo","akyo__歩兵","職業・家柄","緑はチョコミント類？","ささのき","https://vrchat.com/home/avatar/avtr_44db453a-6048-4c21-b993-4dd3717bfc1d"
"0233","メガネAkyo","akyo__papipo 1․01","メガネ,パロディ,パロディ/人物","元ネタがある？","ささのき","https://vrchat.com/home/avatar/avtr_f68c924d-b93d-4d59-ba31-5d12abfe5a0f"
"0234","白菜Akyo","akyo_hakusai 1․03","食べ物,食べ物/野菜",,"ささのき","https://vrchat.com/home/avatar/avtr_c293ac43-7343-4c37-a7a2-f36a6e3c3c9e"
"0235","たけのこAkyo","akyo_たけのこ","食べ物,食べ物/野菜",,"ささのき","https://vrchat.com/home/avatar/avtr_6ecd7341-b642-4ae7-bc6e-90641ae1c48e"
"0236","ピザAkyo","akyo__pizza","食べ物,食べ物/料理",,"ささのき","https://vrchat.com/home/avatar/avtr_4fd7301c-e773-4b61-b8be-d8b9bbff2c8b"
"0237","ドラキュラAkyo","akyo__Helloween","ハロウィン,季節・行事,架空の存在,架空の存在/妖怪・おばけ",,"ささのき","https://vrchat.com/home/avatar/avtr_839891c0-f3a2-4338-b071-a25a423d2567"
"0238","おばけきつねAkyo","ローポリきつねyu-rei","動物/きつね,ハロウィン,季節・行事,動物,架空の存在,架空の存在/妖怪・おばけ,ローポリ","生死不明、要確認","ささのき","https://vrchat.com/home/avatar/avtr_bd6c9d1b-c6da-4d2a-9ebc-ce4453c94dd5"
"0239","アイドルきつねAkyo","akyo きつねidol","動物/きつね,動物,職業・家柄",,"ささのき","https://vrchat.com/home/avatar/avtr_f9bb0395-8436-4dd9-b753-1d3555ebf798"
"0240","焼き芋Akyo","akyo_yakiimo","食べ物,食べ物/料理",,"ささのき","https://vrchat.com/home/avatar/avtr_8af73583-7ef5-418f-b283-2f904168be1d"
"0241","イスAkyo","akyo_isu","家電・家具","キッズAkyo！？","ささのき","https://vrchat.com/home/avatar/avtr_c1407fbf-592f-4ef7-b332-df0b88761f3e"
"0242","旅きつねAkyo/ポンチョきつねAkyo","fox pontyo 0․4","動物,動物/きつね,衣類・衣装",,"ささのき","https://vrchat.com/home/avatar/avtr_b32ab8eb-a15b-416f-ae7b-2ee4a1b5b9a7"
"0243","ねこAkyo","akyo_cat 1․07","動物,動物/ねこ",,"ささのき","https://vrchat.com/home/avatar/avtr_c875e748-aa41-43b7-bc72-b4f2744c460c"
"0244","ハスキーAkyo","akyo_husky","動物,動物/ハスキー","いぬAkyoに分類していいか要確認","ささのき","https://vrchat.com/home/avatar/avtr_889f3ebc-bd9d-4cff-bdee-1ceea7fe2485"
"0245","おしるこAkyo","akyo_osiruko","食べ物,食べ物/スイーツ",,"ささのき","https://vrchat.com/home/avatar/avtr_83f28034-4486-424e-8b6a-e57d6881596f"
"0246","きつねうどんAkyo","akyo_fox_udon","動物/きつね,動物,食べ物,食べ物/料理",,"ささのき","https://vrchat.com/home/avatar/avtr_34e805c0-2030-4fba-b60b-5225fa62c893"
"0247","さくらきつねAkyo","akyo fox sakura","動物/きつね,動物,植物",,"ささのき","https://vrchat.com/home/avatar/avtr_44f31d4e-bb9e-4979-9034-9fe48c6474ad"
"0248","夏きつねAkyo","akyo fox summer","動物/きつね,動物,季節・行事",,"ささのき","https://vrchat.com/home/avatar/avtr_b75e7aea-f210-4a94-85be-6ee2a23d4c94"
"0249","キャベツAkyo","akyo_kyabetu","食べ物,食べ物/野菜",,"ささのき","https://vrchat.com/home/avatar/avtr_3e671ca8-dcb1-49ed-97ad-5e60e03397bd"
"0250","スイカAkyo","akyo_スイカ","食べ物,食べ物/フルーツ",,"ささのき","https://vrchat.com/home/avatar/avtr_3f5597aa-0b86-4280-b5e1-c109b2ced0b7"
"0251","うまAkyo","akyo_uma","動物,動物/うま",,"ささのき","https://vrchat.com/home/avatar/avtr_2134f6da-1d71-4c56-9061-3a3f9d9f445e"
"0252","ホットドッグAkyo","akyo_hotdog","食べ物,食べ物/料理",,"ささのき","https://vrchat.com/home/avatar/avtr_0f8b848e-5ade-4e1b-8e3f-ac6de38fa6c2"
"0253","現場ねこAkyo","akyo_ねこG","動物,動物/ねこ",,"ささのき","https://vrchat.com/home/avatar/avtr_f7a7832b-a037-4d97-9b99-713a680366b5"
"0254","とうがらしAkyo","akyo_tougarasi","食べ物,食べ物/野菜",,"ささのき","https://vrchat.com/home/avatar/avtr_1c6cba9c-259a-4d28-84d2-c3aec1a22cff"
"0255","トリケラAkyo","akyo_トリケラ","動物/恐竜,動物",,"ささのき","https://vrchat.com/home/avatar/avtr_ca7aed34-d6f0-42d1-bd93-bf97447e3c06"
"0256","ステゴAkyo","akyo_sutego","動物/恐竜,動物",,"ささのき","https://vrchat.com/home/avatar/avtr_a1b7da99-1ac6-4374-9d2f-40d896dd8722"
"0257","プテラAkyo","akyo_putera","動物/恐竜,動物",,"ささのき","https://vrchat.com/home/avatar/avtr_b8ac1e0d-54b4-4bac-9070-3a3cecd9b8d2"
"0258","ホットきつねAkyo","akyo_hotfox","動物/きつね,動物",,"ささのき","https://vrchat.com/home/avatar/avtr_cbbfe341-412e-46ee-ae10-8f0e36bfba41"
"0259","ティラノAkyo","akyo_ティラノ","動物/恐竜,動物",,"ささのき","https://vrchat.com/home/avatar/avtr_f0c70f5a-be7a-4d0a-a5ae-7f59e09e7e0e"
"0260","パンダAkyo","akyo_panda","動物,動物/パンダ",,"ささのき","https://vrchat.com/home/avatar/avtr_8c04b666-3c8d-47c4-af8f-3d687f0ab4a8"
"0261","パインAkyo","akyo_pain","食べ物,食べ物/フルーツ",,"ささのき","https://vrchat.com/home/avatar/avtr_8a91dedb-a60e-43b4-b319-114b880a1ac9"
"0262","へびAkyo","akyo_hebi","動物,動物/へび",,"ささのき","https://vrchat.com/home/avatar/avtr_9053fd92-d3f7-4182-ab55-f0d09d61c959"
"0263","ペーパーAkyo","akyo_paper","素材・材質・生地",,"ささのき","https://vrchat.com/home/avatar/avtr_f2ad9aca-efab-4ea1-a4f3-f34ef46bfa12"
"0264","ねまききつねAkyo","akyo_fox nemaki","動物/きつね,動物",,"ささのき","https://vrchat.com/home/avatar/avtr_6a9e2984-e3a7-4426-b92b-e1c448606b17"
"0265","ホットケーキAkyo","akyo_hotcake","食べ物,食べ物/スイーツ",,"ささのき","https://vrchat.com/home/avatar/avtr_ffc9372b-9cce-4091-ac7f-a2cb4ce4f88a"
"0266","白玉Akyo","akyo_siratama","食べ物,食べ物/スイーツ",,"ささのき","https://vrchat.com/home/avatar/avtr_6759971b-6684-4d9d-92a8-ab5a0fb5cd95"
"0267","ポンデAkyo","akyo_ponde","食べ物,食べ物/スイーツ","ポンデの部分は食べられるとのこと","ささのき","https://vrchat.com/home/avatar/avtr_2e8b058d-2b4b-47c7-bd7b-7088cb5435aa"
"0268","ようかんAkyo","akyo_youkan","食べ物,食べ物/スイーツ",,"ささのき","https://vrchat.com/home/avatar/avtr_2799de37-6347-493f-9bef-27e967a45f5c"
"0269","ねまきねこAkyo","akyo_neko nemaki","動物,動物/ねこ",,"ささのき","https://vrchat.com/home/avatar/avtr_241fca99-5913-43a4-a6b8-3a10bc3032cf"
"0270","カステラAkyo","akyo_kasutera","食べ物,食べ物/スイーツ",,"ささのき","https://vrchat.com/home/avatar/avtr_5796cdd8-2824-4dea-89e5-50172e7a1cd0"
"0271","タコさんAkyo","akyo_takosan","動物,動物/海の生き物,動物/タコ",,"ささのき","https://vrchat.com/home/avatar/avtr_afaee0d9-533e-4c9a-82f7-48e630981436"
"0272","マヨAkyo","akyo_mayo","調味料",,"ささのき","https://vrchat.com/home/avatar/avtr_f9b08bbe-8e8e-41fd-9534-7f03034d7c21"
"0273","ギョーザAkyo","akyo_ギョーザ","食べ物,食べ物/料理",,"ささのき","https://vrchat.com/home/avatar/avtr_77714ec2-1569-40d8-be0c-235b51c1f6b1"
"0274","アイスAkyo","akyo_cup ice","食べ物,食べ物/スイーツ,家電・家具",,"ささのき","https://vrchat.com/home/avatar/avtr_ab3e1fd3-aa53-494b-b4aa-029d5e92eb91"
"0275","ラーメンAkyo","akyo_ramen","食べ物,食べ物/料理","カップヌードルAkyo？","ささのき","https://vrchat.com/home/avatar/avtr_ed372625-8a2f-434d-a1b3-bf79322e74a6"
"0276","バッテリーAkyo","akyo_battery","電子",,"ささのき","https://vrchat.com/home/avatar/avtr_38e5ac72-b0ca-4386-aba6-85240b34ab56"
"0277","だんごAkyo","akyo_dango","食べ物,食べ物/スイーツ",,"ささのき","https://vrchat.com/home/avatar/avtr_9fcb7d2b-037e-4985-b6da-5fb40f9a5c20"
"0278","LpackAkyo","akyo_Lpack","道具","レターパックAkyo？","ささのき","https://vrchat.com/home/avatar/avtr_2434121e-3e7d-4595-b57d-c5bdffb56fb9"
"0279","フライドポテトAkyo","akyo_フライドポテト","食べ物,食べ物/料理",,"ささのき","https://vrchat.com/home/avatar/avtr_292a6c71-81ca-4870-b5a4-2d22ff9b84f8"
"0280","サメAkyo2","akyo サメ 1․5","動物,動物/海の生き物,動物/サメ",,"ささのき","https://vrchat.com/home/avatar/avtr_c27190af-0f6f-4027-8115-4b6387b5b363"
"0281","あざらしAkyo","akyo_あざらし","動物,動物/海の生き物,動物/あざらし",,"ささのき","https://vrchat.com/home/avatar/avtr_2de21ec9-a274-4341-af85-ef277b5de543"
"0282","キッズAkyo","akyo_kids","衣類・衣装","Akyoも青かった","ささのき","https://vrchat.com/home/avatar/avtr_372cb668-9809-4dac-91ec-2d1c500a19a1"
"0283","納豆Akyo","akyo_nattou","食べ物,食べ物/野菜,食べ物/料理",,"ささのき","https://vrchat.com/home/avatar/avtr_31aab10f-628a-4a16-b1c6-c7b3ffcb97d7"
"0284","クラゲAkyo","akyo_kurage","動物,動物/海の生き物,動物/クラゲ","深海からのメッセージ","ささのき","https://vrchat.com/home/avatar/avtr_d448a9fb-e941-4c35-b61b-846bd4aeb5ed"
"0285","消しゴムAkyo","akyo_kesigomu","道具,学校,素材・材質・生地",,"ささのき","https://vrchat.com/home/avatar/avtr_5c5210ce-ba4a-495b-a620-f843847a61d9"
"0286","キョンシーAkyo","akyo_キョンシー","ハロウィン,季節・行事,架空の存在,架空の存在/妖怪・おばけ",,"ささのき","https://vrchat.com/home/avatar/avtr_99abe0dd-2e1f-424a-bd8c-84f93c0294bf"
"0287","シャンプーAkyo","akyo_シャンプー","道具,お風呂",,"ささのき","https://vrchat.com/home/avatar/avtr_c41de7a4-73f5-49bd-bc9b-7318aea4a628"
"0288","ブラキオAkyo","akyo_ブラキオ","動物/恐竜,動物",,"ささのき","https://vrchat.com/home/avatar/avtr_6928d36e-778f-492e-b6f8-bd257734b4da"
"0289","こいのぼりAkyo","akyo_こいのぼり","季節・行事",,"ささのき","https://vrchat.com/home/avatar/avtr_ea2ed319-cb2d-4501-8577-a1ca0b256e7d"
"0290","かしわもちAkyo","akyo_かしわもち","食べ物,食べ物/スイーツ",,"ささのき","https://vrchat.com/home/avatar/avtr_757a5fdc-57ae-41f5-9454-b1ab014ac0b1"
"0291","プレシオAkyo","akyo_プレシオ","動物/恐竜,動物",,"ささのき","https://vrchat.com/home/avatar/avtr_f24f0b20-f2b0-473f-b740-251916488e6c"
"0292","てるてるAkyo","akyo_teruteru","季節・行事",,"ささのき","https://vrchat.com/home/avatar/avtr_cf8979e0-2d07-4ead-842b-dc365a4bfd9e"
"0293","ちょうちんAkyo","akyo_tyoutin","家電・家具",,"ささのき","https://vrchat.com/home/avatar/avtr_759551f7-91be-42c0-b129-1cf046076d21"
"0294","いのししAkyo","akyo_いのしし","動物,動物/いのしし",,"ささのき","https://vrchat.com/home/avatar/avtr_96eb5ab1-9b0d-4433-becc-deb417cfff31"
"0295","ひまわりAkyo","akyo_himawari","植物",,"ささのき","https://vrchat.com/home/avatar/avtr_fec77d90-2cf2-489f-bcf0-bf801cf3a8e6"
"0296","トーストきつねAkyo","akyo_きつねトースト","動物/きつね,動物",,"ささのき","https://vrchat.com/home/avatar/avtr_e7f025f3-5e4d-4600-80e1-6ce8739fd929"
"0297","カンガルーAkyo","akyo_カンガルー","動物,動物/カンガルー",,"ささのき","https://vrchat.com/home/avatar/avtr_797159a0-3df0-43ef-aa61-345f0f5af3cc"
"0298","村Akyo","akyo_house","チョコミント類,建物",,"ささのき","https://vrchat.com/home/avatar/avtr_266ced26-847a-4ad5-90f5-8cfbd16a68d2"
"0299","うさぎAkyo2","akyo_usagi2","動物,動物/うさぎ","色が変わり服を着た","ささのき","https://vrchat.com/home/avatar/avtr_31a1d088-6023-4482-ab21-601aa4ec04b4"
"0300","冒険きつねAkyo","akyo_きつねぼうけん","動物/きつね,動物",,"ささのき","https://vrchat.com/home/avatar/avtr_da2e8f1e-fc9f-4868-9c01-43cc61b3d3b7"
"0301","コックきつねAkyo","akyo_コックさん","動物,動物/きつね,職業・家柄",,"ささのき","https://vrchat.com/home/avatar/avtr_a5b5fb92-581d-45c8-98ab-4b8abf668aa9"
"0302","警察きつねAkyo","akyo_foxKeikan 1․3","動物,動物/きつね,職業・家柄","きみ、たいほ。","ささのき","https://vrchat.com/home/avatar/avtr_ef434fa8-5f77-4a1d-beaa-fbfc10e506ec"
"0303","キーウイAkyo","akyo_キーウイ","動物,動物/鳥",,"ささのき","https://vrchat.com/home/avatar/avtr_5856dde7-2961-47af-8fa7-2ad9b70a9864"
"0304","換毛期きつねAkyo","akyo_きつね換毛期","動物/きつね,動物",,"ささのき","https://vrchat.com/home/avatar/avtr_9efb2906-0d31-4797-b751-84444db99249"
"0305","プリンアイスAkyo","akyo_プリンアイス","食べ物,食べ物/スイーツ,家電・家具",,"ささのき","https://vrchat.com/home/avatar/avtr_93ba7736-5dfb-4e78-a4ac-ebd5acfde622"
"0306","宇宙きつねAkyo","akyo_fox space 1․07","動物,動物/きつね,自然",,"ささのき","https://vrchat.com/home/avatar/avtr_8b3112b5-a594-46d3-a5da-74c3be8b8ba0"
"0307","すずめAkyo","akyo_すずめ","動物,動物/すずめ,動物/鳥",,"ささのき","https://vrchat.com/home/avatar/avtr_55c87e14-ca61-41a9-a154-5e84a84c4fe7"
"0308","消防きつねAkyo","akyo_fox syoubou 0․4","動物,動物/きつね,職業・家柄",,"ささのき","https://vrchat.com/home/avatar/avtr_4fc01e6a-ae87-4ea9-8a17-34160c89b36f"
"0309","サカバンAkyo","akyo_sakaban 0․7","動物,動物/海の生き物","フライになる機能付き","ささのき","https://vrchat.com/home/avatar/avtr_a52dad23-d668-487a-8516-f1ec3c121f4e"
"0310","わらびもちAkyo","akyo_warabimoti","食べ物,食べ物/スイーツ",,"ささのき","https://vrchat.com/home/avatar/avtr_bfcf08b0-083b-46df-b75d-89bae31afaac"
"0311","あじさいAkyo","akyo_azisai","植物",,"ささのき","https://vrchat.com/home/avatar/avtr_1429d98b-119a-4595-9109-4bab7d76fe1a"
"0312","ブロッコリーAkyo","akyo_ブロッコリー","食べ物,食べ物/野菜",,"ささのき","https://vrchat.com/home/avatar/avtr_9a1651c9-a5d4-415d-8999-cdc739b6e67a"
"0313","医者きつねAkyo","akyo_きつねいしゃ","動物/きつね,動物,職業・家柄",,"ささのき","https://vrchat.com/home/avatar/avtr_19b1c941-7da8-42f8-af18-25c8689dbb58"
"0314","英国きつねAkyo","akyo_きつね英国","動物/きつね,動物",,"ささのき","https://vrchat.com/home/avatar/avtr_a26d5f16-e51c-4b7d-8f7b-55bea29ee79c"
"0315","黒板消しAkyo","akyo_こくばんけし","道具,学校",,"ささのき","https://vrchat.com/home/avatar/avtr_fc88a823-31b6-4588-809a-6ea54ab9bcd1"
"0316","すしAkyo2","akyo_sushi","食べ物,食べ物/料理,食べ物/お寿司",,"ささのき","https://vrchat.com/home/avatar/avtr_6a72ccc7-e744-4dc5-bbff-e20a5b71d4a2"
"0317","オムライスAkyo","akyo_オムライス","食べ物,食べ物/料理,家電・家具",,"ささのき","https://vrchat.com/home/avatar/avtr_e71ffddd-7596-4820-b1ec-fb8102bda49d"
"0318","ぞうAkyo","akyo_ぞう","動物,動物/ぞう",,"ささのき","https://vrchat.com/home/avatar/avtr_ef619ead-45bc-4512-8b51-2ff383572dc2"
"0319","JKきつねAkyo","akyo_きつねjk","動物/きつね,動物",,"ささのき","https://vrchat.com/home/avatar/avtr_5ea6b4af-790c-44d3-a37b-638fc9d3cd01"
"0320","JKチアきつねAkyo","akyo_チアきつね","動物/きつね,動物",,"ささのき","https://vrchat.com/home/avatar/avtr_bc3582f6-8e84-4ad8-9baf-6433f041ab61"
"0321","ねぎAkyo","akyo_ねぎ","食べ物,食べ物/野菜",,"ささのき","https://vrchat.com/home/avatar/avtr_7d7aac06-8096-44c7-adf5-aa94746cac26"
"0322","たぬきそばAkyo","akyo_たぬきそば","食べ物,食べ物/料理,動物,動物/たぬき",,"ささのき","https://vrchat.com/home/avatar/avtr_0cd6e7dd-a273-4354-bf24-f15d8b4d096c"
"0323","うな重Akyo","akyo_うな重","食べ物,食べ物/料理",,"ささのき","https://vrchat.com/home/avatar/avtr_9ad75bb4-a7e3-49b1-8b80-6ed222407ecf"
"0324","スイカアイスAkyo","akyo_スイカアイス","食べ物,食べ物/フルーツ,食べ物/スイーツ,家電・家具",,"ささのき","https://vrchat.com/home/avatar/avtr_79bb8ae6-e2ea-4615-a0eb-7eff41916552"
"0325","レッサーパンダAkyo","akyo_レッサーパンダ","動物,動物/レッサーパンダ",,"ささのき","https://vrchat.com/home/avatar/avtr_f65fb56f-de07-4e04-b0bb-ae9da323e466"
"0326","レッサーパンダAkyo2","akyo_レッサパンダ2","動物,動物/レッサーパンダ",,"ささのき","https://vrchat.com/home/avatar/avtr_36a6887b-b0db-4cf8-8bd4-a41452a850b5"
"0327","ようせつAkyo","akyo_yousetu","チョコミント類",,"ささのき","https://vrchat.com/home/avatar/avtr_ce418f6b-3cef-449d-a26f-dfa30b4b869c"
"0328","ワイバーンAkyo","akyo_わいばーん 0․9","架空の存在,ひこう,動物,架空の存在/りゅう・ドラゴン",,"ささのき","https://vrchat.com/home/avatar/avtr_609ce6a5-44c6-4086-8598-5409e8355283"
"0329","冬きつねAkyo","akyo_きつね冬","動物/きつね,動物,季節・行事",,"ささのき","https://vrchat.com/home/avatar/avtr_560fbf6f-fde6-49b6-be9c-df2c498468e0"
"0330","フルーツきつねAkyo","akyo_fox fruits","動物/きつね,動物,食べ物,食べ物/フルーツ,植物",,"ささのき","https://vrchat.com/home/avatar/avtr_6b4cd56e-dbc2-4be1-bcd5-4f80cbd49fd2"
"0331","おじぞうAkyo","akyo_ozizou","像・埴輪",,"ささのき","https://vrchat.com/home/avatar/avtr_ece4276d-b611-428d-b51e-d7b5fb193348"
"0332","足軽Akyo2／侍Akyo","akyo_samurai","歴史,職業・家柄",,"ささのき","https://vrchat.com/home/avatar/avtr_1b457017-3fd0-4fd7-bb8e-172f35487c34"
"0333","きつね侍Akyo","akyo_きつね侍","動物/きつね,動物,歴史,職業・家柄",,"ささのき","https://vrchat.com/home/avatar/avtr_32c0de34-9e10-4537-85fb-97aa19c20a15"
"0334","きつね探偵Akyo","akyo_fox探偵","動物/きつね,動物,職業・家柄",,"ささのき","https://vrchat.com/home/avatar/avtr_41736927-28e7-4914-8b5c-6155c04291b4"
"0335","ケーキAkyo","akyo_cake","食べ物,食べ物/スイーツ","ささのき式ケーキAkyo","ささのき","https://vrchat.com/home/avatar/avtr_bfcf1ebe-f12d-4a41-8a25-d5964e5eccb3"
"0336","はにわAkyo","akyo_haniwa","歴史,像・埴輪",,"ささのき","https://vrchat.com/home/avatar/avtr_2ab8f808-f666-4974-b2f2-af7065463b09"
"0337","ライオンAkyo","akyo_ライオン","動物,動物/ライオン",,"ささのき","https://vrchat.com/home/avatar/avtr_f6e29fe2-ffe7-49b6-ae31-0b30b217888a"
"0338","りゅうAkyo","akyo_ryuu","架空の存在,ひこう,動物,架空の存在/りゅう・ドラゴン",,"ささのき","https://vrchat.com/home/avatar/avtr_4d6dc03d-98c2-4475-977a-fe1300f65be1"
"0339","おきつねAkyo","akyo_fox okitune","動物/きつね,動物",,"ささのき","https://vrchat.com/home/avatar/avtr_f8501fd2-c7e5-4875-9315-36c4a64abe94"
"0340","コロネAkyo","akyo_コロネ","食べ物,食べ物/スイーツ",,"ささのき","https://vrchat.com/home/avatar/avtr_b04555c5-33d6-4915-9722-0ad018e687c1"
"0341","富士山Akyo","akyo_huzisan","自然,自然/山","Akyoも積もれば山となる","ささのき","https://vrchat.com/home/avatar/avtr_f43b4b71-3e5c-4ef8-a71c-29171bf1ef02"
"0342","弁当きつねAkyo","akyo_foxBENTOU","動物/きつね,動物,食べ物,食べ物/料理",,"ささのき","https://vrchat.com/home/avatar/avtr_a1d965d2-b004-4e98-bfd8-4bc5a292bd5b"
"0343","サンドきつねAkyo","akyo_きつねサンド","動物/きつね,動物",,"ささのき","https://vrchat.com/home/avatar/avtr_971afb40-f6e1-4056-9365-8d01181780a9"
"0344","お子様ランチAkyo","akyo_お子様ランチ","食べ物,食べ物/料理",,"ささのき","https://vrchat.com/home/avatar/avtr_4cec36a3-5fe4-4c7c-84cb-25d3deabf624"
"0345","ダウンきつねAkyo","akyo_きつねダウン","動物/きつね,動物",,"ささのき","https://vrchat.com/home/avatar/avtr_01d23e78-5e37-45a1-adb5-1c86ef867142"
"0346","まほうきつねAkyo","akyo_FoxMagic","動物/きつね,ハロウィン,季節・行事,まほう,動物,なりきり・仮装",,"ささのき","https://vrchat.com/home/avatar/avtr_88494bab-d2bc-43f2-ae26-e886b86d9dae"
"0347","ハロウィンカボチャAkyo","akyo_ハロウィンカボチャ","ハロウィン,季節・行事",,"ささのき","https://vrchat.com/home/avatar/avtr_62d7d050-c40e-4c60-936e-6dfc4809e646"
"0348","まほうどらごんAkyo","akyo_DragonMagic","架空の存在,ひこう,ハロウィン,季節・行事,まほう,動物,架空の存在/りゅう・ドラゴン,なりきり・仮装",,"ささのき","https://vrchat.com/home/avatar/avtr_96199d43-c85e-4830-967a-30280694a643"
"0349","セットどらごんAkyo","akyo_どらごんセット","架空の存在,ひこう,動物,架空の存在/りゅう・ドラゴン",,"ささのき","https://vrchat.com/home/avatar/avtr_58d857fa-4105-4d0e-98e5-60e8fd7cafd8"
"0350","探偵どらごんAkyo","akyo_どらごん探偵","架空の存在,ひこう,動物,職業・家柄,架空の存在/りゅう・ドラゴン",,"ささのき","https://vrchat.com/home/avatar/avtr_5cec5888-b04c-4bad-8bf3-67c043daa73b"
"0351","天使きつねAkyo","akyo engel","動物/きつね,動物,架空の存在,架空の存在/天使・神","別作者の天使Akyoも追加予定","ささのき","https://vrchat.com/home/avatar/avtr_b600825f-8da6-462a-bb17-0e932ed01354"
"0352","エゾAkyo","akyo_エゾ","自然",,"ささのき","https://vrchat.com/home/avatar/avtr_b808a377-a264-4352-affc-cd7de3391c0c"
"0353","コートきつねAkyo4","akyo_foxCoat4","動物/きつね,動物","2と3がいないのは故意とのこと","ささのき","https://vrchat.com/home/avatar/avtr_0fc2d16c-5f9e-4cd4-8172-ce57c420e5c7"
"0354","ツリーAkyo","akyo_ツリー","植物","正確にはクリスマスツリー","ささのき","https://vrchat.com/home/avatar/avtr_2a6304b4-1da8-4eac-8bcc-1203f5fcb574"
"0355","じゃがいもAkyo","akyo_じゃがいも","食べ物,食べ物/野菜",,"ささのき","https://vrchat.com/home/avatar/avtr_a33ec4f9-43ba-4b14-95df-23db0194b420"
"0356","シャチAkyo","akyo_シャチ","動物,動物/海の生き物,動物/シャチ",,"ささのき","https://vrchat.com/home/avatar/avtr_850c89f7-3dd6-486c-a17b-f124ecbca10f"
"0357","ないとどらごんAkyo","akyo_どらごんないと","架空の存在,ひこう,ハロウィン,季節・行事,動物,架空の存在/りゅう・ドラゴン,なりきり・仮装,職業・家柄,武器・軍事",,"ささのき","https://vrchat.com/home/avatar/avtr_eec93a2a-cc5f-4106-bd3b-35969990009b"
"0358","風呂きつねAkyo","akyo_foxBath","動物/きつね,動物,自然",,"ささのき","https://vrchat.com/home/avatar/avtr_f5ff713f-0094-45b2-97b6-90f5722308eb"
"0359","キングAkyo","akyo_king","歴史",,"ささのき","https://vrchat.com/home/avatar/avtr_86a2c20a-370f-41b1-9ae8-92c37231dc6d"
"0360","振袖どらごんAkyo","akyo_どらごん振袖","架空の存在,ひこう,動物,架空の存在/りゅう・ドラゴン,季節・行事",,"ささのき","https://vrchat.com/home/avatar/avtr_a0458f77-35e9-4656-aaa5-ff622d81c619"
"0361","だるまAkyo","akyo_daruma","家電・家具,歴史",,"ささのき","https://vrchat.com/home/avatar/avtr_bac120a2-3c1d-427e-9ce7-3a8ab9169074"
"0362","トマトAkyo","akyo_とまと","食べ物,食べ物/野菜",,"ささのき","https://vrchat.com/home/avatar/avtr_33d15ffc-c1f3-4402-8c45-cb19bb7af8bf"
"0363","リスAkyo","akyo_リス","動物,動物/リス",,"ささのき","https://vrchat.com/home/avatar/avtr_969326d6-0d4a-450e-bf56-5ed11f7f192b"
"0364","メロンソーダAkyo","akyo_メロンソーダ 1․1","食べ物,食べ物/フルーツ,飲み物",,"ささのき","https://vrchat.com/home/avatar/avtr_2608eefd-fca4-4217-a7c5-ff8575f014b3"
"0365","赤べこAkyo","akyo_赤べこ","家電・家具,歴史",,"ささのき","https://vrchat.com/home/avatar/avtr_98289d66-1be1-455f-a24f-9e22bd1f8237"
"0366","きつねの嫁入りAkyo","akyo_きつねの嫁入り","動物/きつね,動物,衣類・衣装",,"ささのき","https://vrchat.com/home/avatar/avtr_b11f07af-9755-4405-87dc-8297e1716db8"
"0367","メロンAkyo","akyo_メロン","食べ物,食べ物/フルーツ",,"ささのき","https://vrchat.com/home/avatar/avtr_994180ef-3faf-4f77-8723-8376c58849ec"
"0368","嫁入り婿Akyo","akyo_狐の嫁入り2","衣類・衣装",,"ささのき","https://vrchat.com/home/avatar/avtr_08f05b3b-fd93-4dd4-83f5-4fbb6792dd6e"
"0369","つきそいきつねAkyo","akyo_きつね つきそい","動物/きつね,動物",,"ささのき","https://vrchat.com/home/avatar/avtr_4854b039-8a6c-48be-b035-e95f59af6a85"
"0370","チョコAkyo","akyo_choco","食べ物,食べ物/スイーツ","バレンタインにはこれ","ささのき","https://vrchat.com/home/avatar/avtr_7b6b928e-fc29-42a8-b587-401346879d98"
"0371","バナナAkyo","akyo_バナナ","食べ物,食べ物/フルーツ",,"ささのき","https://vrchat.com/home/avatar/avtr_013beb78-85e2-4092-b553-475b362a469e"
"0372","緑茶Akyo","akyo_緑茶","飲み物",,"ささのき","https://vrchat.com/home/avatar/avtr_d8f5d5c1-b2ca-4b2b-8d2d-824d4ecdda99"
"0373","ローダーAkyo","akyo_ローダー","電子",,"ささのき","https://vrchat.com/home/avatar/avtr_21924bf1-925d-4940-a687-9d25c8377f89"
"0374","キリンAkyo","akyo_キリン","動物,動物/キリン",,"ささのき","https://vrchat.com/home/avatar/avtr_929c267d-e891-4bae-bbb1-bf44b5e98575"
"0375","ローダーAkyo2/ローダーきつねAkyo","akyo_ローダー2","動物/きつね,動物,電子",,"ささのき","https://vrchat.com/home/avatar/avtr_fcfb1c55-baf9-45ec-a14e-0e8a224e6ffd"
"0376","天むすAkyo","akyo_天むす","食べ物,食べ物/料理",,"ささのき","https://vrchat.com/home/avatar/avtr_b8f4f44d-b2c5-408d-9ff8-5ad3de86e27d"
"0377","ハムスターAkyo","akyo_ハムスター","動物,動物/ハムスター",,"ささのき","https://vrchat.com/home/avatar/avtr_59de2a1d-7dea-4a43-b708-2694656301a5"
"0378","スカーフきつねAkyo","akyo_きつねスカーフ","動物/きつね,動物",,"ささのき","https://vrchat.com/home/avatar/avtr_88033f7b-5f8b-45bf-9656-db61a83464d9"
"0379","トーストきつねAkyo2","akyo_foxトースト2","動物/きつね,動物","一体化に失敗した","ささのき","https://vrchat.com/home/avatar/avtr_463a9a9d-9ae3-4667-b209-914ba2586051"
"0380","いかAkyo","akyo_イカ","動物,動物/海の生き物",,"ささのき","https://vrchat.com/home/avatar/avtr_85a8a267-780b-4708-bf51-8d13b9923eb0"
"0381","くじらAkyo","akyo_くじら","動物,動物/海の生き物",,"ささのき","https://vrchat.com/home/avatar/avtr_3b8d1b4f-fc7a-4c4c-bb32-b30c493bc8fd"
"0382","カエルAkyo","akyo_カエル","動物,動物/カエル",,"ささのき","https://vrchat.com/home/avatar/avtr_8e63eb3e-fb9b-43e1-a8cc-78f06b7831fb"
"0383","和メイドきつねAkyo","akyo_きつね和メイド","動物/きつね,動物,職業・家柄",,"ささのき","https://vrchat.com/home/avatar/avtr_2ebe0457-ed55-4618-96d4-dfde88bee666"
"0384","オコジョAkyo3.0","akyo_オコジョ3․0","動物,動物/オコジョ","Avatar3.0化の意","ささのき","https://vrchat.com/home/avatar/avtr_5cf13dab-95d0-42e3-a4c1-c3adc7840e97"
"0385","食パンAkyo","akyo_to-st","食べ物,食べ物/料理","完全に一体化","ささのき","https://vrchat.com/home/avatar/avtr_cc9c4a26-4463-4b31-b885-543b6174418c"
"0386","食パンきつねAkyo","akyo_to-st fox","動物/きつね,動物,食べ物,食べ物/料理","同上","ささのき","https://vrchat.com/home/avatar/avtr_b950ae46-6ba0-4830-b55a-77957f468a1d"
"0387","でんきゅうAkyo","akyo_電球","家電・家具",,"ささのき","https://vrchat.com/home/avatar/avtr_55f8d7d4-9bc7-4b2d-a449-4644e5228565"
"0388","メロンパンAkyo","akyo_メロンパン","食べ物,食べ物/フルーツ,食べ物/スイーツ,食べ物/料理",,"ささのき","https://vrchat.com/home/avatar/avtr_198d8a7d-fa52-47e7-951f-f2b9df5d2a4f"
"0389","カステラAkyo2","akyo_カステラt","食べ物,食べ物/スイーツ",,"ささのき","https://vrchat.com/home/avatar/avtr_bd89fbba-9574-4a5f-b5ce-a7dd7f00a07e"
"0390","やきAkyo","akyo_yaki","食べ物,食べ物/料理",,"ささのき","https://vrchat.com/home/avatar/avtr_3b64f163-7b9d-4bdc-adef-2f07bccfd77c"
"0391","アーキョおじさん/おじAkyo","akyo_ozi","職業・家柄",,"ささのき","https://vrchat.com/home/avatar/avtr_e21d1394-394f-4bc3-a68a-55462ec730b6"
"0392","ラムネAkyo","akyo_ラムネ","食べ物,食べ物/スイーツ,飲み物",,"ささのき","https://vrchat.com/home/avatar/avtr_c6f5dea1-b19e-460c-a358-b59a1400344e"
"0393","とのAkyo","akyo_tono","職業・家柄",,"ささのき","https://vrchat.com/home/avatar/avtr_c7cdd58f-01bf-4d58-83ea-205ea44093f9"
"0394","せんすいAkyo","akyo_せんすい","職業・家柄",,"ささのき","https://vrchat.com/home/avatar/avtr_131de112-3d4a-48a7-a9d5-c3f723091a78"
"0395","カラス天狗Akyo","akyo_からすてんぐ","架空の存在,架空の存在/妖怪・おばけ,動物,動物/鳥",,"ささのき","https://vrchat.com/home/avatar/avtr_a2f5f8e3-d59e-45e5-8076-6798a7bad99a"
"0396","くろねこAkyo","akyo_kuroneko","動物,動物/ねこ",,"ささのき","https://vrchat.com/home/avatar/avtr_3b6e03e4-900b-420e-a95d-25a0034ca9e1"
"0397","ローダーAkyo3/ローダーくろねこAkyo","akyoローダー3","動物,動物/ねこ,電子",,"ささのき","https://vrchat.com/home/avatar/avtr_5fecb105-9e64-4c7f-864b-3a4c87da0fdb"
"0398","さくらAkyo","akyo_sakura","植物",,"ささのき","https://vrchat.com/home/avatar/avtr_396b75f1-6f21-4718-ad07-3a34892e23f1"
"0399","おめんAkyo","akyo_omen","パロディ/変な家,パロディ","このAkyo、何か変？","ささのき","https://vrchat.com/home/avatar/avtr_b2fa062c-7143-4a06-9cb2-8d35c5f23d8f"
"0400","りきしAkyo","akyo_rikishi","職業・家柄",,"ささのき","https://vrchat.com/home/avatar/avtr_16421321-cee6-4ae4-8546-6ce4c435a2e8"
"0401","なつAkyo","akyo_なつ","季節・行事",,"ささのき","https://vrchat.com/home/avatar/avtr_8533b4bd-e817-4523-9105-b144a2eac2dc"
"0402","つりAkyo","akyo_つり","職業・家柄",,"ささのき","https://vrchat.com/home/avatar/avtr_e6c065ac-bfbd-451c-bc4a-9a14a34e9055"
"0403","モサモサAkyo","akyo_モサモサ","素材・材質・生地",,"ささのき","https://vrchat.com/home/avatar/avtr_574728ce-c4c4-4410-a1df-4a4ae377411b"
"0404","プリンきつねAkyo","akyo_きつねプリン","動物/きつね,動物,食べ物,食べ物/スイーツ",,"ささのき","https://vrchat.com/home/avatar/avtr_0ff5143b-53f9-44a5-8b7a-ddf65574189b"
"0405","水まんじゅうAkyo","akyo_水まんじゅう","食べ物,食べ物/スイーツ,飲み物",,"ささのき","https://vrchat.com/home/avatar/avtr_2a06e15b-bd19-4345-9688-3a7c248ea03d"
"0406","アキョベロス/ケルベロスAkyo","アキョベロス","架空の存在,架空の存在/幻獣・精霊",,"ささのき","https://vrchat.com/home/avatar/avtr_c287cc25-1e14-4312-b662-7a89c4c4358d"
"0407","カフェきつねAkyo","akyo_きつねcafe","動物/きつね,動物",,"ささのき","https://vrchat.com/home/avatar/avtr_64e71072-2049-47fb-b0df-632f5c93cb9a"
"0408","がかきつねAkyo","akyo_fox art","動物/きつね,動物",,"ささのき","https://vrchat.com/home/avatar/avtr_0af97e1a-50f2-47dd-ac0c-a9ee8236b692"
"0409","白鳥Akyo","akyo_はくちょう","動物,動物/鳥",,"ささのき","https://vrchat.com/home/avatar/avtr_989dec92-536f-40bf-8d91-ca02f71b13e1"
"0410","陸戦型きつねAkyo","陸戦型きつねakyo","動物/きつね,動物",,"ささのき","https://vrchat.com/home/avatar/avtr_1b12a04f-19fb-441f-8c8b-beeeb3c2d14d"
"0411","アカギツネAkyo","赤きつねakyo 1․1","動物/きつね,動物",,"ささのき","https://vrchat.com/home/avatar/avtr_99635a51-2477-47f8-a4ed-a828215e10db"
"0412","チベスナきつねAkyo","チベスナきつねakyo","動物/きつね,動物",,"ささのき","https://vrchat.com/home/avatar/avtr_49c314a8-1241-4842-9c2c-645e295ad0e2"
"0413","わさびAkyo","わさびakyo","食べ物,食べ物/野菜,調味料",,"ささのき","https://vrchat.com/home/avatar/avtr_1993a555-326c-4845-83e6-fb4086ab8837"
"0414","ビキニきつねAkyo","きつねビキニ","動物/きつね,動物",,"ささのき","https://vrchat.com/home/avatar/avtr_a81a4356-1e8b-4aba-95bb-be3bc60f95c9"
"0415","フリル水着きつねAkyo","きつねakyoフリル水着","動物/きつね,動物,飲み物,衣類・衣装",,"ささのき","https://vrchat.com/home/avatar/avtr_4a4dfa62-d23d-4ad6-8526-fb261ad1fb5d"
"0416","豆腐AkyoA","akyo_touhu","食べ物,食べ物/野菜,食べ物/料理",,"ささのき","https://vrchat.com/home/avatar/avtr_f3394d08-85af-4544-a4ae-a118f01e677e"
"0417","豆腐AkyoB","akyoBOXtouhu","食べ物,食べ物/野菜,食べ物/料理",,"ささのき","https://vrchat.com/home/avatar/avtr_fe274047-ee6d-4db5-b07c-fde241bccb16"
"0418","みそしるAkyo","akyo_‚isosiru","食べ物,食べ物/料理","豆腐AkyoBとのコラボ","ささのき","https://vrchat.com/home/avatar/avtr_e30c5206-bf3a-499b-a7df-dd353e1f6227"
"0419","タピオカAkyo","akyo_タピオカ","飲み物","分類はのみもの系","ささのき","https://vrchat.com/home/avatar/avtr_e4406b94-2855-4711-a77e-d362989a7b95"
"0420","収穫祭Akyo","アキョおじ収穫祭","季節・行事","野菜Akyoオールスターズ","ささのき","https://vrchat.com/home/avatar/avtr_601ab1d3-3878-4f20-9da4-cbb803c19b48"
"0421","はっぱAkyo","akyo_happa","植物",,"ささのき","https://vrchat.com/home/avatar/avtr_1db21a6f-f387-417d-913f-acb10278ff4f"
"0422","ポンチョきつねAkyo","きつねポンチョ","動物/きつね,動物,衣類・衣装","ささのきさんの原点回帰","ささのき","https://vrchat.com/home/avatar/avtr_a290b34e-03c1-4d67-a01b-48dcd5b5c6c8"
"0423","かき氷きつねAkyo","akyo_きつねかき氷","動物/きつね,動物,食べ物,食べ物/スイーツ",,"ささのき","https://vrchat.com/home/avatar/avtr_32d08ec4-b351-4945-8df4-2d934a0e62a5"
"0424","りんごあめAkyo","akyo_りんごあめ","食べ物,食べ物/フルーツ,食べ物/スイーツ",,"ささのき","https://vrchat.com/home/avatar/avtr_bf2e07cf-b9f1-4dd6-95fd-822d7b4f0016"
"0425","サキュAkyo","akyo_サキュ","架空の存在,架空の存在/妖怪・おばけ",,"ささのき","https://vrchat.com/home/avatar/avtr_aba979b9-7a75-40a7-988b-89772726edc5"
"0426","いなりAkyo","akyo_いなりずし","食べ物,食べ物/料理,食べ物/お寿司","すしシリーズ3体目","ささのき","https://vrchat.com/home/avatar/avtr_3916d347-d653-4e7e-8ed4-9eb4005e9cbb"
"0427","八百屋ねぎAkyo","akyo_ねぎ八百屋","食べ物,食べ物/野菜,職業・家柄",,"ささのき","https://vrchat.com/home/avatar/avtr_ad9eb708-8fcc-43bd-9011-dd2e0eab93c7"
"0428","農家ねぎAkyo","akyo_ねぎ農家","食べ物,食べ物/野菜,職業・家柄",,"ささのき","https://vrchat.com/home/avatar/avtr_7042dcef-edbf-4c68-b182-51d5aa0b0ee9"
"0429","ヤシAkyo","akyo_ヤシの木","植物","木シリーズ3体目","ささのき","https://vrchat.com/home/avatar/avtr_d87850c0-4479-4e88-be6f-7548e575867b"
"0430","レースきつねAkyo","akyo_レーシングきつね","動物/きつね,動物",,"ささのき","https://vrchat.com/home/avatar/avtr_e8ed7d23-ac42-442d-9607-de2875a8d7c9"
"0431","駅員きつねAkyo","akyo_きつね駅員","動物/きつね,動物,職業・家柄",,"ささのき","https://vrchat.com/home/avatar/avtr_ffd524f1-ea73-4338-8d2c-2d9d75d3ae82"
"0432","バニーきつねAkyo","akyo_BunnyFox","ハロウィン,季節・行事,動物,動物/きつね,衣類・衣装,なりきり・仮装",,"ささのき","https://vrchat.com/home/avatar/avtr_542c948a-4a80-4226-9f7b-8a7fe2c0049d"
"0433","ストレッチAkyo","akyo_ストレッチ","職業・家柄","生涯健康、生涯Akyo","ささのき","https://vrchat.com/home/avatar/avtr_189d434f-2982-4b77-b6a2-d04aaaf62d05"
"0434","あかずきんきつねAkyo","akyo_きつね赤ずきん","動物/きつね,ハロウィン,季節・行事,動物,なりきり・仮装","おおかみAkyoに要注意","ささのき","https://vrchat.com/home/avatar/avtr_ea9e6901-c9c8-47e8-a90b-d55ce222b870"
"0435","りょうしAkyo","akyo_猟師","職業・家柄",,"ささのき","https://vrchat.com/home/avatar/avtr_997f4267-2f36-4d6c-9ebe-1b96f6592291"
"0436","しかAkyo","akyo_シカ","動物,動物/しか",,"ささのき","https://vrchat.com/home/avatar/avtr_6152bd2b-6ac3-40ca-b43b-a3f17d508700"
"0437","うたねぎAkyo","akyo_ねぎうた","食べ物,食べ物/野菜,パロディ,パロディ/ボカロ系","ねぎシリーズも増加中","ささのき","https://vrchat.com/home/avatar/avtr_9071118b-d070-4d97-a81d-7deb6df4c22d"
"0438","うきょきつねAkyo","akyo_foxUkyo","動物/きつね,パロディ/相棒,パロディ,動物",,"ささのき","https://vrchat.com/home/avatar/avtr_2855f50c-07d4-4e4c-84fa-23c2f5013308"
"0439","食パンたぬきAkyo","akyo_to-stTANUKI","食べ物,食べ物/料理,動物,動物/たぬき",,"ささのき","https://vrchat.com/home/avatar/avtr_bbf76760-bbca-48d9-be4d-f924e1606cf4"
"0440","かにAkyo","akyo_kani","動物,動物/カニ","エビカニモード付き","ささのき","https://vrchat.com/home/avatar/avtr_50a5f466-4c46-4822-b219-8fdc0d630267"
"0441","もちAkyo","akyo_もち","食べ物,食べ物/スイーツ","2代目もちAkyo","ささのき","https://vrchat.com/home/avatar/avtr_209684dd-dca1-415d-a747-af883a896756"
"0442","まほうねぎAkyo","akyo_ねぎまほう","ハロウィン,季節・行事,まほう,食べ物,食べ物/野菜,なりきり・仮装",,"ささのき","https://vrchat.com/home/avatar/avtr_eb18a90b-8452-4702-b24a-5cd9abd5d22a"
"0443","モンブランAkyo","akyo_モンブラン","食べ物,食べ物/スイーツ",,"ささのき","https://vrchat.com/home/avatar/avtr_a09d8024-486a-4b85-9688-a62edc34d450"
"0444","モンブランきつねAkyo","akyo_きつねモンブラン","動物/きつね,動物,食べ物,食べ物/スイーツ",,"ささのき","https://vrchat.com/home/avatar/avtr_74f6c6a7-b8db-4bb7-b85a-4bafb512b1d9"
"0445","おおかみAkyo","akyo_おおかみ","動物,動物/おおかみ",,"ささのき","https://vrchat.com/home/avatar/avtr_9d83a91f-bf82-4d58-83c1-6559f9dfbeb6"
"0446","宇宙ノーマルAkyo","akyo_うちゅう","自然",,"ささのき","https://vrchat.com/home/avatar/avtr_ca7da3b3-0e5c-44a1-89fc-a9a89da3961f"
"0447","ないときつねAkyo","akyo_きつねないと","動物/きつね,動物",,"ささのき","https://vrchat.com/home/avatar/avtr_b6edb67a-1a5c-4268-828c-51ed8e0f536b"
"0448","カボチャハロウィンAkyo","akyo_かぼちゃHW","ハロウィン,季節・行事,なりきり・仮装",,"ささのき","https://vrchat.com/home/avatar/avtr_7b2e4467-0cff-4a97-80ce-be816e05d345"
"0449","ハロウィンポンチョきつねAkyo","akyo_foxHW","動物/きつね,ハロウィン,季節・行事,動物,衣類・衣装,なりきり・仮装",,"ささのき","https://vrchat.com/home/avatar/avtr_cec68cad-1972-4a81-8289-4adb9988d5cf"
"0450","キョンシーきつねAkyo","akyo_きつねキョンシー","動物/きつね,ハロウィン,季節・行事,動物,架空の存在,架空の存在/妖怪・おばけ,なりきり・仮装",,"ささのき","https://vrchat.com/home/avatar/avtr_5e407374-de0c-42d1-af14-a7b5ff7ebf07"
"0451","ちゃがまたぬきAkyo","akyo_たぬきちゃがま","動物,動物/たぬき",,"ささのき","https://vrchat.com/home/avatar/avtr_509e5e10-b689-4843-96bc-016a655f74de"
"0452","酒屋たぬきAkyo","akyo_たぬき酒屋","動物,動物/たぬき,飲み物",,"ささのき","https://vrchat.com/home/avatar/avtr_6fc43531-97bb-43cf-8f63-3381422a470f"
"0453","カフェおおかみAkyo","akyo_おおかみカフェ","動物,動物/おおかみ",,"ささのき","https://vrchat.com/home/avatar/avtr_ce054e6f-f6c8-4864-9cf5-180cab3e6478"
"0454","どらごんAkyoSP","akyo_老どらごん","架空の存在,ひこう,動物,架空の存在/りゅう・ドラゴン","SPはサブスタのこと？","ささのき","https://vrchat.com/home/avatar/avtr_682931f3-e166-4f62-a626-2a1f39a9505e"
"0455","木彫りきつねAkyo","akyo_木彫りきつね","動物/きつね,動物,植物,素材・材質・生地",,"ささのき","https://vrchat.com/home/avatar/avtr_706f8cad-a7cd-4fa0-b9eb-2a7f47c7bb04"
"0456","ハロウィンだいこんAkyo","akyo_だいこんHW","食べ物/野菜,ハロウィン,季節・行事,食べ物,食べ物/野菜/だいこん,なりきり・仮装",,"ささのき","https://vrchat.com/home/avatar/avtr_c9eda5f8-c8cb-4f2f-8797-375583500552"
"0457","オコジョAkyo2024","akyo_オコジョ24","動物,動物/オコジョ","3代目オコジョAkyo","ささのき","https://vrchat.com/home/avatar/avtr_bfab0401-1392-4060-805c-456d4cc20b50"
"0458","こたつきつねAkyo","akyo_きつねこたつ","動物/きつね,動物,家電・家具",,"ささのき","https://vrchat.com/home/avatar/avtr_cf0aabab-d449-469c-9f2c-ae49663c78d1"
"0459","うまはにわAkyo","akyo_はにわうま","動物,動物/うま,歴史,像・埴輪","はにわとうまにも派生誕生","ささのき","https://vrchat.com/home/avatar/avtr_aa880970-2d3b-4cda-85f6-e1aee46b8e09"
"0460","太陽の塔Akyo","akyo_taiyou","建物,自然","JPSTにはいない","ささのき","https://vrchat.com/home/avatar/avtr_6c6d988b-3534-4fdc-bf4c-54437d3eb9ae"
"0461","はにわぶしAkyo","akyo_はにわぶし","歴史,像・埴輪",,"ささのき","https://vrchat.com/home/avatar/avtr_5c9ea1b2-1145-4c6d-bd24-54a8543fb4ef"
"0462","アヌビスAkyo","akyo_あぬびす","架空の存在,架空の存在/天使・神","ささのきさん式アヌビスAkyo","ささのき","https://vrchat.com/home/avatar/avtr_4ded4fea-bf3c-455d-b369-45ba7b30b63a"
"0463","プリンカップAkyo","akyo_プリンカップ","食べ物,食べ物/スイーツ",,"ささのき","https://vrchat.com/home/avatar/avtr_942d0100-58ba-47ba-9672-cb3e6ac9bf73"
"0464","えきいんおおかみAkyo","akyo_おおかみえきいん","動物,動物/おおかみ",,"ささのき","https://vrchat.com/home/avatar/avtr_3bfc004f-a5e7-4f57-bbab-ab0ddcd644d1"
"0465","ゆきだるまきつねAkyo","akyo_ゆきだるま","動物/きつね,動物,家電・家具,歴史",,"ささのき","https://vrchat.com/home/avatar/avtr_9ba51df3-046a-4272-a755-61d651548875"
"0466","まつのきAkyo","akyo_まつ","植物",,"ささのき","https://vrchat.com/home/avatar/avtr_2b1b08f7-a042-4e0f-b891-f12638d88e49"
"0467","にわとりAkyo","akyo_にわとり","動物,動物/鳥",,"ささのき","https://vrchat.com/home/avatar/avtr_0ac178f7-81b7-4f4d-af4f-8e55c5e1173a"
"0468","カレーAkyo","akyo_curry","食べ物,食べ物/料理",,"ささのき","https://vrchat.com/home/avatar/avtr_c66d94c0-9968-4e51-a6d7-4d499eae5c1a"
"0469","サンタきつねAkyo","akyo_きつねサンタ","動物/きつね,動物,衣類・衣装",,"ささのき","https://vrchat.com/home/avatar/avtr_9583d3bf-57f6-4aa7-a809-e21ad08bc37b"
"0470","ふりそでおおかみAkyo","おおかみふりそで","動物,動物/おおかみ",,"ささのき","https://vrchat.com/home/avatar/avtr_2e9f07a1-9908-49b6-a2f6-766f446e6525"
"0471","ふりそでたぬきAkyo","たぬきふりそで","動物,動物/たぬき",,"ささのき","https://vrchat.com/home/avatar/avtr_5c2dfd30-1bf4-42ce-ac64-949a5db80407"
"0472","ふわふわAkyo","Fuwafuwa_Akyo","素材・材質・生地","114番は別作者様ver.","nezu_jp","https://vrchat.com/home/avatar/avtr_6f50c2f5-89b6-4cda-9799-fa674a38a20c"
"0473","こたつAkyo","kotatsu_akyo","家電・家具",,"nezu_jp","https://vrchat.com/home/avatar/avtr_bd03fb43-7ea7-4be5-bc9c-bcc9d9dc9007"
"0474","くまさん着ぐるみAkyo","bigkumasankigurumiAkyo","動物,動物/くま",,"葱 potipoti93","https://vrchat.com/home/avatar/avtr_86e1876d-0604-45f4-b0ae-f78c88f59b61"
"0475","囚人Akyo","PrisonerAkyo","チョコミント類,職業・家柄",,"葱 potipoti93","https://vrchat.com/home/avatar/avtr_8bb19cf9-83f2-4b67-9fe2-81a800704ba9"
"0476","なんかやばいAkyo","nankayabaiAkyo","芸術・アート",,"葱 potipoti93","https://vrchat.com/home/avatar/avtr_ea0d0fbc-74de-4465-be3e-0122f00a8347"
"0477","キュクロープスAkyo","RedonCyclopeAkyo","芸術・アート",,"葱 potipoti93","https://vrchat.com/home/avatar/avtr_0b9f8a00-c6f0-4268-8609-293ac07fc167"
"0478","あきょのてせん","Akyonotesen","チョコミント類,乗り物,職業・家柄",,"葱 potipoti93","https://vrchat.com/home/avatar/avtr_b4e941cc-6921-47ae-a3ef-9caf6d714062"
"0479","フェス気分のヤギAkyo","フェス気分のヤギAkyo","動物/ヤギ,ギミック・特殊,動物,季節・行事","『Akyoのぱーりない』にてHowToMakeSushiさんのDJを待望するヤギAkyoが変化した姿","nekononomicon","https://vrchat.com/home/avatar/avtr_897563b1-f2a5-4c1a-a3ad-30b3ef964bcf"
"0480","すし水勤務のAkyo","すし水勤務のAkyo","チョコミント類,職業・家柄,飲み物",,"nekononomicon","https://vrchat.com/home/avatar/avtr_b38aeb2a-bb50-470a-82b6-ab977a023530"
"0481","ココナッツAkyo","ココナッツakyo","食べ物,食べ物/フルーツ",,"ささのき","https://vrchat.com/home/avatar/avtr_ecc0e2be-ed93-405a-b2a2-08dc4d54da13"
"0482","アスパラAkyo","アスパラakyo","植物,食べ物,食べ物/野菜",,"ささのき","https://vrchat.com/home/avatar/avtr_be4f1cd4-5acb-4d04-b61d-117099f23c8d"
"0483","コーギーAkyo","akyo コーギー","動物/いぬ,動物",,"ささのき","https://vrchat.com/home/avatar/avtr_7265691a-2a56-4638-83bd-ed6b122fa3c6"
"0484","水兵きつねAkyo","akyo Fox すいへい","動物/きつね,職業・家柄,動物,飲み物",,"ささのき","https://vrchat.com/home/avatar/avtr_5e5aa01d-59a8-4631-8b48-46803c1d982a"
"0485","ねぶくろAkyo","akyo ねぶくろ","チョコミント類,衣類・衣装","発想の由来が気になります","ささのき","https://vrchat.com/home/avatar/avtr_6e10ce52-0b3c-4090-8bb2-28a3c7517f9b"
"0486","風邪ひきAkyo","KazehikiAkyo","チョコミント類,病気,自然",,"葱 potipoti93","https://vrchat.com/home/avatar/avtr_b75d27c3-a766-4f68-9f7b-83c49a7942bb"
"0487","ピカチュウAkyo","Akyochu","パロディ/ポケモン,パロディ","VRCポケ改変集会用のAkyo","ステルバイ","https://vrchat.com/home/avatar/avtr_bf07fdde-2289-4d4d-be52-44b4b7253c0e"
"0488","ヒトカゲAkyo","ヒトカゲあきょ","パロディ/ポケモン,パロディ","VRCポケ改変集会用のAkyo","kuro5963","https://vrchat.com/home/avatar/avtr_ed6357c5-0f15-4d59-a448-88302acc7323"
"0489","ゼニガメAkyo","ゼニガメあきょ","パロディ/ポケモン,パロディ","VRCポケ改変集会用のAkyo","kuro5963","https://vrchat.com/home/avatar/avtr_8d990dcf-a3e0-4c92-a013-d7b3929dff26"
"0490","フシギダネAkyo","フシギダネあきょ","パロディ/ポケモン,パロディ","VRCポケ改変集会用のAkyo","kuro5963","https://vrchat.com/home/avatar/avtr_6f094609-8fe5-4dd6-ac35-06ea39da3f5f"
"0491","NEET式泡Akyo","Bubble Akyo","ギミック・特殊","泡Akyo2体目。1体目はふらっとさん","NEET ENGINEER","https://vrchat.com/home/avatar/avtr_c03b0382-19a3-4cb8-a3cf-9055492f3514"
"0492","アマダイAkyo","AmadaiAkyo","動物/魚,動物",,"ふらっと（flat）","https://vrchat.com/home/avatar/avtr_e8b4b2ed-d735-48dc-b1f8-4350dc5fd7ef"
"0493","ビードルAkyo","ビーきょ","パロディ/ポケモン,パロディ","VRCポケ改変集会用のAkyo","kuro5963","https://vrchat.com/home/avatar/avtr_6ac1434c-b554-49af-9501-7a5d9e2586c0"
"0494","ヌオーAkyo","ぬあきょ","パロディ/ポケモン,パロディ","VRCポケ改変集会用のAkyo","kuro5963","https://vrchat.com/home/avatar/avtr_da169b0b-84a8-4f09-8726-6fdca09e3afa"
"0495","コダックAkyo","あきょダック","パロディ/ポケモン,パロディ","VRCポケ改変集会用のAkyo","kuro5963","https://vrchat.com/home/avatar/avtr_c5c75ac7-0645-4917-a575-50a4d3417526"
"0496","りんごAkyo","apple_Akyo","食べ物,食べ物/フルーツ",,"n777","https://vrchat.com/home/avatar/avtr_b72afca3-4150-4fc6-bf77-d72fd352187a"
"0497","柿Akyo","柿Akyo","食べ物,食べ物/フルーツ","数年の時を経てPublic化","MaruOcircle","https://vrchat.com/home/avatar/avtr_d1e55563-3030-4649-8edb-3707f7ed3aed"
"0498","ラテアートAkyo","LatteArtAkyo","芸術・アート,飲み物",,"oyoso_5_oku","https://vrchat.com/home/avatar/avtr_66231018-1fb9-45f8-a584-1327fb329303"
"0499","リボンきつねAkyo","リボンきつねakyo","動物/きつね,衣類・衣装,動物",,"ささのき","https://vrchat.com/home/avatar/avtr_5d5ac7fd-2ddb-4a05-97ed-aa3154207b5f"
"0500","うたねぎAkyoB","ねぎうたB","食べ物/野菜,食べ物,パロディ/ボカロ系,パロディ,食べ物/野菜/ねぎ",,"ささのき","https://vrchat.com/home/avatar/avtr_0f8cda2a-d208-43d0-86ec-21f787c73b6b"
"0501","ねぶくろAkyo2","akyo ねぶくろ2","チョコミント類,衣類・衣装",,"ささのき","https://vrchat.com/home/avatar/avtr_6ef3c177-0e60-4b5e-91dd-fa7955b4392f"
"0502","ねぶくろきつねAkyo","akyo_fox ねぶくろ","動物/きつね,衣類・衣装,動物","うさぎと虎の寝袋に変更可能","ささのき","https://vrchat.com/home/avatar/avtr_fd8d8d3b-aab3-4303-bd84-e2a04fbd4587"
"0503","銅像Akyo","ブロンズAKyo リターンズ","建物,素材・材質・生地,素材・材質・生地/金属",,"huyumusi","https://vrchat.com/home/avatar/avtr_fefc7e4b-6b16-4488-8fb1-5049e12e99fc"
"0504","おきんきんAkyo","A金yo","色",,"Karie_O․G․3","https://vrchat.com/home/avatar/avtr_d7e59690-0ec3-4171-bb35-4f0a00eaff83"
"0505","おきんきん蝶Akyo","ア蝶","色,蝶,動物/虫,動物",,"＂K＂ ちゃん","https://vrchat.com/home/avatar/avtr_12c6cf90-a33a-49b1-9734-7671d58472b2"
"0506","色彩反転Akyo","色彩反転Akyo","ギミック・特殊",,"ふらっと（flat）","https://vrchat.com/home/avatar/avtr_8164aa17-ae6e-4a8f-8b59-c5566c3dddbe"
"0507","うさぎAkyo","usagi-akyo","動物/うさぎ,動物","あとち式うさぎAkyo","あとち-krgr","https://vrchat.com/home/avatar/avtr_74eeb51e-2e98-47d8-b4f8-53fab0197f86"
"0508","もふだいこんAkyo","akyo だいこんモフ","食べ物/野菜,食べ物,食べ物/野菜/だいこん",,"ささのき","https://vrchat.com/home/avatar/avtr_0eabbbf5-04b3-4b7f-a057-0607ff402b2d"
"0509","シナモAkyo","akyo siro","パロディ/シナモロール,パロディ",,"ささのき","https://vrchat.com/home/avatar/avtr_45e7d425-fa40-49ff-8d12-069ecb902fc3"
"0510","ミサイルAkyo","AKYO S400 Missile system","チョコミント類,武器・軍事",,"pikazero","https://vrchat.com/home/avatar/avtr_143b9ab6-9a03-4c88-a9d0-08e44bbbbc30"
"0511","モーターAkyo","81mm_morter_AKYO","チョコミント類,機械,武器・軍事",,"pikazero","https://vrchat.com/home/avatar/avtr_f916c4ea-ccf9-4cdc-8979-5fc1077f34e1"
"0512","にせムルルAkyo","nisemururuAkyo","パロディ,パロディ/VRChat",,"葱 potipoti93","https://vrchat.com/home/avatar/avtr_11aa9bc1-8682-4046-88c6-03b8bbaec49f"
"0513","まめひなたAkyo","MamehinatAkyo","パロディ,パロディ/VRChat",,"葱 potipoti93","https://vrchat.com/home/avatar/avtr_3f569570-9a19-4fed-b269-38ee69d5cde4"
"0514","VketちゃんAkyo","Akyoketchan","パロディ,パロディ/VRChat",,"葱 potipoti93","https://vrchat.com/home/avatar/avtr_0b080c7d-2c10-49be-ac2b-97d1601dda93"
"0515","イーブイAkyo","noteeveeAkyo","パロディ/ポケモン,パロディ",,"葱 potipoti93","https://vrchat.com/home/avatar/avtr_1f175aba-4f80-4d65-bcf2-13df4b21a8b9"
"0516","モクリもどきAkyo","mokurimodokiakyo","パロディ/モクリ,パロディ",,"葱 potipoti93","https://vrchat.com/home/avatar/avtr_8c339fb3-9b2f-4c24-bbb2-08618d94c07d"
"0517","キプフェルAkyo","akyofel","パロディ,パロディ/VRChat",,"葱 potipoti93","https://vrchat.com/home/avatar/avtr_17630088-cb8e-4060-9a9c-08cc2d1a259e"
"0518","ワイトAkyo","Akyomosouomoimasu","パロディ/遊戯王,パロディ",,"葱 potipoti93","https://vrchat.com/home/avatar/avtr_f5a642b5-5949-40a5-ad21-add67d040c12"
"0519","ズバットAkyo","notzubattoAkyo","パロディ/ポケモン,パロディ",,"葱 potipoti93","https://vrchat.com/home/avatar/avtr_09d1c703-0803-401c-9009-00324114e66e"
"0520","ヒューマノイドもどきAkyo","NothumanoidAkyo","なりきり・仮装,パロディ,パロディ/VRChat",,"葱 potipoti93","https://vrchat.com/home/avatar/avtr_7672bbc5-b0aa-4062-b389-0faadf382bd0"
"0521","ワーミ―Akyo","WormiesockAkyo","パロディ/Wormiesock,パロディ",,"葱 potipoti93","https://vrchat.com/home/avatar/avtr_8c01977d-3a41-483d-9880-626842cb6f19"
"0522","義理チョコAkyo","girichocoAkyo","食べ物/スイーツ,食べ物,季節・行事",,"葱 potipoti93","https://vrchat.com/home/avatar/avtr_5f6d45a2-e71a-47f5-8fe2-079a2de0931c"
"0523","布ゴーストAkyo","nunoghostAkyo","チョコミント類,架空の存在,架空の存在/妖怪・おばけ,素材・材質・生地",,"葱 potipoti93","https://vrchat.com/home/avatar/avtr_520589a3-4c83-4ac7-a6f9-4ad24ab082db"
"0524","ロボアームAkyo","RoboArmAkyo","チョコミント類,機械,工業",,"NEET ENGINEER","https://vrchat.com/home/avatar/avtr_30cb309a-1a15-48ed-8951-190c9cc35eee"
"0525","二等辺三角形Akyo","二等辺三角形","チョコミント類,ギミック・特殊",,"NEET ENGINEER","https://vrchat.com/home/avatar/avtr_5811bb3c-aa70-46bc-87fc-d7a29a68a2aa"
"0526","キティAkyo","akyo siro2","パロディ/ハローキティ,パロディ",,"ささのき","https://vrchat.com/home/avatar/avtr_bf82a1ef-e685-4428-bbf3-f7cac74b4eab"
"0527","カフェどらごんAkyo","akyo どらごんcefe","架空の存在,ひこう,動物,架空の存在/りゅう・ドラゴン,職業・家柄",,"ささのき","https://vrchat.com/home/avatar/avtr_2a1f578c-cfb6-49bb-8833-aec0969cd2a5"
"0528","サルAkyo","akyo saru","動物",,"ささのき","https://vrchat.com/home/avatar/avtr_dbe6c282-8cb6-449f-aa1a-862757313391"
"0529","うしAkyo2","akyo うし2","動物,動物/うし",,"ささのき","https://vrchat.com/home/avatar/avtr_73e856d1-59ae-4e3c-a818-2afca08a66e9"
"0530","ティラノAkyo2","ティラノ2","動物/恐竜,動物",,"ささのき","https://vrchat.com/home/avatar/avtr_f530f699-c918-4e77-9c64-1232d1a07a97"
"0531","ウェディングきつねAkyo","akyo foxウェディング","動物/きつね,季節・行事,衣類・衣装,動物",,"ささのき","https://vrchat.com/home/avatar/avtr_7fcd3f66-1da1-425c-8b60-9b7384eb28b8"
"0532","ミャクミャクAkyo","akyo akyoakyo","パロディ/ミャクミャク,パロディ,架空の存在,架空の存在/天使・神","あきょあきょしてきた","ささのき","https://vrchat.com/home/avatar/avtr_c28a2612-7037-4bf9-a04d-31ce7e3c1cb1"
"0533","R.I.P.Akyo","RestInAkyo","チョコミント類,建物,ハロウィン,季節・行事,なりきり・仮装",,"葱 potipoti93","https://vrchat.com/home/avatar/avtr_ce6a950b-22e0-45b8-9407-e27476b1d595"
"0534","墓石Akyo","bosekiAkyo","チョコミント類,建物,ハロウィン,季節・行事,素材・材質・生地,素材・材質・生地/石,なりきり・仮装",,"葱 potipoti93","https://vrchat.com/home/avatar/avtr_4db2f6fb-ae17-4cc8-89ac-6306e161c9dc"
"0535","リアル猫Akyo","Akyoxwell","動物/ねこ,実写,動物,芸術・アート",,"葱 potipoti93","https://vrchat.com/home/avatar/avtr_d49f5b99-ac6e-42c3-a7d7-86e0c9dc12a5"
"0536","BackRoomAkyo","kiiroibougohukuAkyo","パロディ/Backrooms,パロディ,ホラー",,"葱 potipoti93","https://vrchat.com/home/avatar/avtr_7ed83e28-c1a3-442c-8158-ad74b74ce390"
"0537","ひなまつりおおかみAkyo","akyo おおかみひなまつり","季節・行事,動物,動物/おおかみ,職業・家柄",,"ささのき","https://vrchat.com/home/avatar/avtr_fc1a94f3-8340-4b5c-9ead-3a768e95791b"
"0538","魔法少女きつねAkyo","akyo fox 魔法少女","動物/きつね,職業・家柄,ハロウィン,季節・行事,まほう,動物,なりきり・仮装",,"ささのき","https://vrchat.com/home/avatar/avtr_c8937290-f0da-43ac-8386-d5865506457f"
"0539","うにAkyo","akyo uni","動物,自然,自然/海",,"ささのき","https://vrchat.com/home/avatar/avtr_b877aa1d-2fbc-497e-85e2-c7683ced3fe3"
"0540","どら焼きAkyo","akyo dorayaki","食べ物,食べ物/スイーツ,食べ物/料理",,"ささのき","https://vrchat.com/home/avatar/avtr_4d795aaa-bb90-4645-8135-cc16d6a95119"
"0541","オトモきつねAkyo","akyo きつねオトモ","動物/きつね,職業・家柄,パロディ/モンハン,パロディ,動物",,"ささのき","https://vrchat.com/home/avatar/avtr_7e3f6a6d-83da-4f06-8e7e-274943b93199"
"0542","山笠Akyo","Akyo_yamakasa","チョコミント類,季節・行事,自然",,"Masami.S","https://vrchat.com/home/avatar/avtr_320c2cd3-0a4f-45ce-9e7a-09a55062ed0d"
"0543","ダンシングアフロAkyo","Akyo_Dancing Afro","髪型,音楽・楽器",,"Masami.S","https://vrchat.com/home/avatar/avtr_c202f0d6-f6ec-428e-aa44-bb5406921371"
"0544","OrinaAkyon","orinakyon","パロディ",,"葱 potipoti93","https://vrchat.com/home/avatar/avtr_9f5e6a8e-9c65-48af-bfdc-3bb83baf1479"
"0545","アイルーもどきAkyo","airoumodokiAkyo","動物/ねこ,パロディ/モンハン,パロディ,動物",,"葱 potipoti93","https://vrchat.com/home/avatar/avtr_1c26ddeb-3957-4146-a79f-1163224f368c"
"0546","Akyo魔博士","akyo魔博士","パロディ/ファンタスティック・フォー,パロディ,ハロウィン,季節・行事,職業・家柄,なりきり・仮装",,"ささのき","https://vrchat.com/home/avatar/avtr_a0e4bd90-0cad-40ec-ab4c-759de355b9d4"
"0547","手Akyo","tekyo_test","チョコミント類",,"thxxx0x74","https://vrchat.com/home/avatar/avtr_0ed29896-a9ae-41cf-9350-6f3124e1a7ac"
"0548","17HzAkyo","17Hz","ギミック・特殊",,"NEET ENGINEER","https://vrchat.com/home/avatar/avtr_1defa785-0a59-4b48-a3e2-60e2140e3a2d"
"0549","応力Akyo","応力Akyo","ギミック・特殊",,"NEET ENGINEER","https://vrchat.com/home/avatar/avtr_0e0a494c-c89a-4044-96e7-8c195b175d10"
"0550","キリン装備きつねAkyo","akyo キリン装備","動物/きつね,職業・家柄,パロディ/モンハン,パロディ,動物",,"ささのき","https://vrchat.com/home/avatar/avtr_e7a25fa3-d00f-4d5a-96ef-ad07a650f21c"
"0551","デンタルAkyo","akyo dental","歯",,"ささのき","https://vrchat.com/home/avatar/avtr_4e10c1c4-f406-4d2d-9eaa-a97b41248f90"
"0552","シャトルAkyo","Akyo シャトル","航空,乗り物",,"katsuya 9366","https://vrchat.com/home/avatar/avtr_6f5dff5a-82ee-4d4b-8b17-b57f8c6fe857"
"0553","RRどらごんAkyo","どらごんRR","架空の存在,ひこう,パロディ/ポケモン,パロディ,動物,架空の存在/りゅう・ドラゴン",,"ささのき","https://vrchat.com/home/avatar/avtr_eaf31613-4202-48bd-bb01-e587b45f038a"
"0554","ノワールAkyo","akyo ノワール","食べ物/スイーツ,食べ物",,"ささのき","https://vrchat.com/home/avatar/avtr_4f4a8dba-586d-442a-898b-9cd5edf05902"
"0555","VRCTVAkyo","VRCTVAkyo","チョコミント類,ギミック・特殊,電子",,"NEET ENGINEER","https://vrchat.com/home/avatar/avtr_77cf7753-8a9b-45eb-8155-a74434aff2ae"
"0556","ソーダAkyo2","akyo ソーダ2","飲み物",,"ささのき","https://vrchat.com/home/avatar/avtr_96c20f2a-02b1-4320-8ba9-71fc8111d266"
"0557","カツサンドAkyo","akyo カツサンド","食べ物,食べ物/料理,食べ物/料理/揚げ物",,"ささのき","https://vrchat.com/home/avatar/avtr_f4c46fd4-4770-4d08-93a5-f0917b798891"
"0558","アキョウノトモシビ","アキョウノトモシビ","菌類",,"long-potato","https://vrchat.com/home/avatar/avtr_b1004475-5fc5-47b4-acaa-276564eafefc"
"0559","コロナAkyo","coronakyo","ウイルス",,"long-potato","https://vrchat.com/home/avatar/avtr_965d33db-14b6-4435-8b35-a8e62af118e0"
"0560","でかちちサキュバスAkyo","bigboinsuccubusAkyo","チョコミント類,悪魔・淫魔,架空の存在,架空の存在/妖怪・おばけ",,"葱 potipoti93","https://vrchat.com/home/avatar/avtr_850b20aa-4552-44a4-9181-a8f57de72dcf"
"0561","コンクリートAkyo","ConcreteAkyo","素材・材質・生地",,"ふらっと（flat）","https://vrchat.com/home/avatar/avtr_9fd0ba74-53d8-4430-ae21-c8d897c10b19"
"0562","コンクリートAkyo2","ConcreteAkyo","素材・材質・生地",,"ふらっと（flat）","https://vrchat.com/home/avatar/avtr_aaa0fc29-6e51-4dfa-a332-649aff9e1483"
"0563","オニフスベAkyo","AKYOFUSUBE","菌類",,"カヤ（kaya）","https://vrchat.com/home/avatar/avtr_9d348145-aae4-4736-8aed-68e93c29ce3a"
"0564","ミニぐるみAkyo","ミニぐるみAkyo","チョコミント類,デフォルメ",,"teramo","https://vrchat.com/home/avatar/avtr_07e5824b-c1cf-49c3-a790-4eb5477f1eb1"
"0565","お姫様Akyo","ohimesamaAkyo","チョコミント類,職業・家柄,歴史",,"葱 potipoti93","https://vrchat.com/home/avatar/avtr_c672232d-9fd0-40a8-8bce-8593db0699c9"
"0566","フルフルAkyo","huruhuruAkyo","モンスター,パロディ/モンハン,パロディ",,"葱 potipoti93","https://vrchat.com/home/avatar/avtr_e8cf8505-4c50-424b-834c-e8faeae78639"
"0567","消火器Akyo","syoukakiAkyo","チョコミント類,設備",,"葱 potipoti93","https://vrchat.com/home/avatar/avtr_3d1597c3-7ab0-4777-a1f4-adbe8cab0354"
"0568","頭文字Akyo","Akyoutouhuten86","チョコミント類,乗り物,パロディ/頭文字D,パロディ",,"葱 potipoti93","https://vrchat.com/home/avatar/avtr_115bf301-6c82-4d17-b06b-9b209408f662"
"0569","ワープスターAkyo","Warpakyoster","チョコミント類,乗り物,パロディ/カービィ,パロディ",,"葱 potipoti93","https://vrchat.com/home/avatar/avtr_cc122f8f-4127-4eb7-9a3d-0c13ce3e242e"
"0570","AkyoチキンAkyo","akyo チキ","食べ物,食べ物/料理,パロディ/ファミリーマート,パロディ,食べ物/料理/揚げ物",,"ささのき","https://vrchat.com/home/avatar/avtr_2e1f580d-3835-4ec8-9faa-33a6096e2a7a"
"0571","トーストきつねAkyo2","akyo to-stFox2","動物/きつね,食べ物,動物,食べ物/料理,食べ物/パン",,"ささのき","https://vrchat.com/home/avatar/avtr_0c2a20b7-56dd-413e-a530-aeff2ec06531"
"0572","りんごAkyo","akyo りんご","食べ物,食べ物/フルーツ",,"ささのき","https://vrchat.com/home/avatar/avtr_0a317f00-06e4-4deb-9915-d147f1ec0f44"
"0573","はちAkyo","akyo はち","動物/虫,動物","花の蜜を集めるよ","ささのき","https://vrchat.com/home/avatar/avtr_4192cd46-3bec-42e7-aadb-eb25743700e3"
"0574","たこAkyo","たこAkyo","動物","かわいい","ふらっと（flat）","https://vrchat.com/home/avatar/avtr_a32c423c-45ee-416d-aad4-fcaf17e5d18e"
"0575","ありAkyo","akyo あり","動物/虫,動物","兄弟がたくさんいる","ささのき","https://vrchat.com/home/avatar/avtr_3782d68c-fb2a-41b1-8c1d-6f931f3a9431"
"0576","メロンパンかめAkyo","akyp かめメロンパン","食べ物,動物,食べ物/フルーツ,食べ物/スイーツ,食べ物/料理,動物/かめ,食べ物/パン","甘い香りを振りまくakyo。無果汁","ささのき","https://vrchat.com/home/avatar/avtr_b3f30bdf-9c8b-43e4-b29a-7b5a652c6c88"
"0577","フランスパンAkyo","akyo フランスパン","食べ物,食べ物/料理,食べ物/パン","香ばしい香りを漂わせる","ささのき","https://vrchat.com/home/avatar/avtr_66e939c1-4176-4b05-aac0-e44c2c7e7e4a"
"0578","レインコートどらごんAkyo","akyo どらごんレインコート","架空の存在,ひこう,衣類・衣装,動物,架空の存在/りゅう・ドラゴン","雨の日のお出かけどらごんakyo","ささのき","https://vrchat.com/home/avatar/avtr_d86a3dcc-cc1a-4947-afa8-05fa4f841e77"
"0579","もふひつじAkyo","mofumofusheepAkyo","動物,動物/ひつじ",,"葱 potipoti93","https://vrchat.com/home/avatar/avtr_1a1c10c5-4594-44b8-af0f-2303dd249b76"
"0580","ギャルAkyo","galAkyo","チョコミント類,衣類・衣装",,"葱 potipoti93","https://vrchat.com/home/avatar/avtr_4fd38eea-392a-4695-8cf2-af446dd84e72"
"0581","霊夢Akyo","rakuennosutekinaAkyo","パロディ/東方,パロディ",,"葱 potipoti93","https://vrchat.com/home/avatar/avtr_6ab059d3-ea84-4c72-9f55-7ab1d59ff389"
"0582","魔理沙Akyo","hutsuunoAkyotsukai","パロディ/東方,パロディ",,"葱 potipoti93","https://vrchat.com/home/avatar/avtr_ea71d4e5-221e-4f6e-ac55-c262e193441a"
"0583","Bault-Akyo","bault-Akyo","チョコミント類,パロディ/Fallout,パロディ",,"葱 potipoti93","https://vrchat.com/home/avatar/avtr_f1a87926-cc7d-4ad8-854a-bec9b0d7bc44"
"0584","骨Akyo","骨Akyo","骨",,"甘水あみ","https://vrchat.com/home/avatar/avtr_caa0b7a7-281c-48e3-9286-6f7a5eeb0404"
"0585","Zakyo","Zakyo","パロディ/ガンダム,パロディ,武器・軍事","Akyoとは違うのだよ、Akyoとは！","ステルバイ","https://vrchat.com/home/avatar/avtr_68289ce3-3528-40af-be34-d1ecceaee10b"
"0586","ピーマンAkyo","akyo ピーマン","食べ物/野菜,食べ物","カラフルなピーマンakyo","ささのき","https://vrchat.com/home/avatar/avtr_9b279576-3b4a-48ef-8922-6d3a9d0afa64"
"0587","コーヒーAkyo2","akyo coffee2","飲み物","お持ち帰りされるコーヒーakyo","ささのき","https://vrchat.com/home/avatar/avtr_b60eef85-42db-4359-8f68-1f96b122b90c"
"0588","胴長パグAkyo","胴長パグakyo","パロディ,パロディ/VRChat,動物,動物/いぬ",,"polf","https://vrchat.com/home/avatar/avtr_92462918-6f82-4065-9233-8ac3bee80f5c"
"0589","ハウスネイルAkyo","Akyothehousnail","貝,建物,パロディ,パロディ/ジャム・ザ・ハウスネイル,動物,動物/かたつむり",,"葱 potipoti93","https://vrchat.com/home/avatar/avtr_54cc51a2-32a7-42ee-bec5-a67990cd7edb"
"0590","川Akyo","川Akyo","自然",,"カヤ（kaya）","https://vrchat.com/home/avatar/avtr_56504c0b-cc0f-4e0f-b9ff-ee3172eb0191"
"0591","鯨肉Akyo","鯨肉Akyo","食べ物,動物,食べ物/お肉",,"カヤ（kaya）","https://vrchat.com/home/avatar/avtr_5ad10f0e-b1c2-4089-ba34-88d4ce48a9aa"
"0592","スイカAkyo","suika_akyo","食べ物,食べ物/フルーツ",,"カヤ（kaya）","https://vrchat.com/home/avatar/avtr_7e77556c-07b1-4e67-9228-f28206408b4d"
"0593","ブレイドごっこAkyo","bladegokkoAkyo","パロディ/仮面ライダー,パロディ,合体・変身",,"葱 potipoti93","https://vrchat.com/home/avatar/avtr_7306d8e6-9518-4337-b739-c8ddbbf65c95"
"0594","ガンナーAkyo","gunner akyo","武器・軍事,職業・家柄",,"Fuganbya","https://vrchat.com/home/avatar/avtr_a0adb324-619c-43c8-af9e-2ed4d98f8a2a"
"0595","アーミーAkyo","akyo_army","武器・軍事,職業・家柄",,"kazakami okenu","https://vrchat.com/home/avatar/avtr_f47c6214-6daf-4d40-9e6b-274a59662d2a"
"0596","どんぐりAkyo","DonguriAkyo","木の実",,"nezu_jp","https://vrchat.com/home/avatar/avtr_4449f2ed-0c7a-4238-8893-28ed6527d04a"
"0597","こころAkyo","Akyou ［kokoro］","チョコミント類",,"kokoro․chan","https://vrchat.com/home/avatar/avtr_155450fb-0dea-40fc-bcbd-a96c7c98fc6b"
"0598","亜魚","亜魚","動物/魚,動物,動物/海の生き物",,"kuguro","https://vrchat.com/home/avatar/avtr_a6092306-d1aa-44fb-b54d-593cbea7133b"
"0599","亜魚露とル","亜魚露とル","動物/両生類,動物,動物/海の生き物",,"kuguro","https://vrchat.com/home/avatar/avtr_039bb82d-bb7b-43c2-9d66-328d36d994de"
"0600","ミルクAkyo","akyo milk","飲み物","新鮮な牛乳の入ったakyo。銭湯で大人気","ささのき","https://vrchat.com/home/avatar/avtr_f263618e-7d1f-4168-a49f-221b2a870e4e"
"0601","ウイスキーAkyo","akyo ウイスキー","飲み物,家電・家具","柔らかな芳香、深みのあるコクで人々を魅了する","ささのき","https://vrchat.com/home/avatar/avtr_2525ae0a-f738-4be8-a656-f5794292a4b8"
"0602","ギャレンごっこAkyo","gyarengokkoAkyo","パロディ/仮面ライダー,パロディ,合体・変身",,"葱 potipoti93","https://vrchat.com/home/avatar/avtr_aae617bf-de58-4d95-ba31-b0a171dedd2d"
"0603","着ぐるみAkyoくん","kigurumiAkyokun","チョコミント類,職業・家柄",,"葱 potipoti93","https://vrchat.com/home/avatar/avtr_f1bf652f-164f-4f00-98a6-bb6db5be81ee"
"0604","救急車ごっこAkyo","kyuukyuuAkyo","チョコミント類,乗り物",,"葱 potipoti93","https://vrchat.com/home/avatar/avtr_3ef73c5f-d3f5-4396-84b6-363e9946c685"
"0605","ウーパールーパーAkyo","akyo uparupa","動物/両生類,動物","JPSTの川岸で良く見つかる","ささのき","https://vrchat.com/home/avatar/avtr_34be8863-c67f-4860-89e1-2cef623725ab"
"0606","タコ皮Akyo","タコ皮","動物/タコ乳類,動物,動物/海の生き物,動物/タコ","タコ乳類","甘水あみ","https://vrchat.com/home/avatar/avtr_b96f7d86-62c3-4cd8-bae0-baea0e950c08"
"0607","ナナチもどきAkyo","nanachimodokiAkyo","パロディ/メイドインアビス,パロディ",,"葱 potipoti93","https://vrchat.com/home/avatar/avtr_ee68c6c7-c62b-4ea1-b8c0-94b099b3b3d0"
"0608","あきょざきしおり","Akyozakishiori","パロディ",,"葱 potipoti93","https://vrchat.com/home/avatar/avtr_f54e3695-7693-4fbc-aedc-be45863d0298"
"0609","ボンバーマンAkyo","bomberAkyon","パロディ/ボンバーマン,パロディ",,"葱 potipoti93","https://vrchat.com/home/avatar/avtr_3455042f-42cd-4c0e-a04a-a2a3e0217769"
"0610","ゆめかわユニコーンAkyo","yumekawaunicornAkyo","架空の存在,動物,架空の存在/幻獣・精霊",,"葱 potipoti93","https://vrchat.com/home/avatar/avtr_8b424082-6158-4f8c-ba09-93228245d37d"
"0611","着ぐるみお頭Akyo","kigurumiokashirakun","動物/魚,職業・家柄,動物",,"葱 potipoti93","https://vrchat.com/home/avatar/avtr_70171281-584d-4036-9f2d-040493b699aa"
"0612","風船きつねAkyo","akyo 風船きつね","動物/きつね,ひこう,動物","風船でふよふよと漂うきつねakyo","ささのき","https://vrchat.com/home/avatar/avtr_1b53f9a0-2f30-406b-9f18-17466d95be44"
"0613","どんぐりあきょー","どんぐりあきょー","どんぐり","Android対応","kuro5963","https://vrchat.com/home/avatar/avtr_c189474a-f4fa-4a2b-8c1f-8f57684d6f39"
"0614","珈琲豆あきょ","珈琲豆あきょ","まめ,まめAkyo,食べ物,食べ物/野菜,飲み物","挽いちゃうんですか․․․ Android対応","kuro5963","https://vrchat.com/home/avatar/avtr_63545771-3442-4857-ae1f-f2e89737ced3"
"0615","らむねあきょ","らむねあきょ","食べ物,食べ物/スイーツ,飲み物","あきょも満足ǃ シェイプキーにラベルはついてこないので、変形の際はラベルは消してください。Android対応。","kuro5963","https://vrchat.com/home/avatar/avtr_06ce0752-200e-4f31-9420-c9819153d48b"
"0616","精霊うまきょ","精霊うまきょ","精霊馬,食べ物/野菜,食べ物,動物,動物/うま,架空の存在,架空の存在/幻獣・精霊,食べ物/野菜/きゅうり,食べ物/野菜/ナス","精霊うまきょ。Android対応。","kuro5963","https://vrchat.com/home/avatar/avtr_b44829ee-239b-4121-bb0f-a9ee032b0634"
"0617","あきょりん・のーむ・ほーん","あきょりん・のーむ・ほーん","パロディ/ゴブリン・ノーム・ホーン,パロディ","下剋上。Android対応。","kuro5963","https://vrchat.com/home/avatar/avtr_713d2fd3-ca63-4ec4-97a9-099bb4649c9e"
"0618","鉛筆あきょ","鉛筆あきょ","鉛筆,文房具,家電・家具,道具,学校","ハードなやつさ,Android対応。","kuro5963","https://vrchat.com/home/avatar/avtr_09bedaa2-fd65-4ce8-b6a9-f2fde89b6c0d"
"0619","ヒョウモンダコAkyo","ヒョウモンダコAkyo","動物/タコ,動物/ヒョウモンダコ,動物/軟体,動物","悪くなったバナナじゃないよ。「たこAkyo」の改変だよ。https˸⁄⁄booth․pm⁄ja⁄items⁄6780828","nekononomicon","https://vrchat.com/home/avatar/avtr_6d753be0-c587-4007-ba5d-4f44bf243314"
"0620","まめAkyo（ヤギ）","まめAkyo（ヤギ）","まめ,まめAkyo","ぼさぼさ様による愛らしすぎる【無料】まめAkyo （Bean Akyo）【VRC向けアバター】（https˸⁄⁄booth․pm⁄ja⁄items⁄7385278）、のヤギAkyo改変。なんとなく耐久力が上がった気になっている。","nekononomicon","https://vrchat.com/home/avatar/avtr_d5c02dcd-84d7-434e-a252-93525e918ca2"
"0621","そらまめAkyo","そらまめAkyo","まめ,まめAkyo","まめ","Taiyaki_犬好き","https://vrchat.com/home/avatar/avtr_ffd1759d-e23f-41a1-a414-8e1b517d9967"
"0622","柔らかいAkyo","柔らかいAkyo","素材・材質・生地,素材・材質・生地/柔らかい","柔らかいAkyo","Holimond.jp","https://vrchat.com/home/avatar/avtr_7f76d4fe-6694-4ecb-95fc-7c88e09e79d3"
"0623","ミミックAkyo","mimicAkyo","動物,架空の存在,架空の存在/妖怪・おばけ,合体・変身",,"葱 potipoti93","https://vrchat.com/home/avatar/avtr_ffbda8f5-5b26-4501-ad7e-ef2bff74d143"
"0624","ナイトキャップAkyo","nightcapAkyo","チョコミント類,衣類・衣装",,"葱 potipoti93","https://vrchat.com/home/avatar/avtr_43f222aa-e5ef-4f3f-afc2-c1620607adb5"
"0625","ビッグボイン牛柄Akyo","bigboinushigaraAkyo","豊満,動物",,"葱 potipoti93","https://vrchat.com/home/avatar/avtr_8b415c54-820a-41e0-b4da-6e5fadc1e408"
"0626","牛乳を注ぐAkyo","gyuunyuuwososoguAkyo","芸術・アート,飲み物",,"葱 potipoti93","https://vrchat.com/home/avatar/avtr_d9ea87cf-42c0-4a18-b486-f8a56e98e8ab"
"0627","箱Akyoダム","hakoAkyodam","チョコミント類,素材・材質・生地",,"葱 potipoti93","https://vrchat.com/home/avatar/avtr_23becd0a-c416-48c2-8cd5-cba021fe8237"
"0628","シャルベもどきAkyo","syarubemodokiAkyo","パロディ/シャルベ,パロディ",,"葱 potipoti93","https://vrchat.com/home/avatar/avtr_0cfe69d9-8243-4ba1-9133-c8f21b2c5ad3"
"0629","ラビットホールAkyo","RabbitHoleAkyo","動物/うさぎ,衣類・衣装,パロディ/ボカロ系,パロディ,動物",,"葱 potipoti93","https://vrchat.com/home/avatar/avtr_91e5ca26-8080-4856-bbae-ed3e0145c665"
"0630","歯磨き粉Akyo","hamigakikoAkyo","チョコミント類,生活用品",,"葱 potipoti93","https://vrchat.com/home/avatar/avtr_fafc8293-025e-405f-9dd2-b391a97c1919"
"0631","段ボールナイトAkyo","danbouruKnightAkyo","職業・家柄,素材・材質・生地",,"葱 potipoti93","https://vrchat.com/home/avatar/avtr_d285ea6a-07b5-4a63-b8f5-9f5053281d5c"
"0632","冷蔵庫Akyo","reizoukoAkyo","家電・家具",,"葱 potipoti93","https://vrchat.com/home/avatar/avtr_d9e18bed-9682-4785-94ef-1988128244ce"
"0633","たれ耳うさぎAkyo","lopearedrabbitAkyo","動物/うさぎ,動物",,"葱 potipoti93","https://vrchat.com/home/avatar/avtr_92434578-9723-41b7-b092-f1fe424aba27"
"0634","たれ耳うさぎバニーAkyo","lopearedrabbitbunnyAkyo","動物/うさぎ,衣類・衣装,動物",,"葱 potipoti93","https://vrchat.com/home/avatar/avtr_d73a53f5-1abe-462a-ab3f-fb9ffac341d2"
"0635","遺影ごっこAkyo","ieigokkoAkyo","チョコミント類,死,家電・家具,なりきり・仮装",,"葱 potipoti93","https://vrchat.com/home/avatar/avtr_04f1f4cb-4d48-4d6b-813f-2207b92c365a"
"0636","もふもふライオンAkyo","mofumofulionAkyo","動物/ライオン,動物",,"葱 potipoti93","https://vrchat.com/home/avatar/avtr_aa979ea4-2fb0-49a2-a569-941bd3c643f1"
"0637","マホロアもどきAkyo","magolormodokiAkyo","パロディ/カービィ,パロディ",,"葱 potipoti93","https://vrchat.com/home/avatar/avtr_54ee1d70-598a-445a-a798-e4daf7f39ca9"
"0638","マルクもどきAkyo","marxmodokiAkyo","パロディ/カービィ,パロディ",,"葱 potipoti93","https://vrchat.com/home/avatar/avtr_9a700090-2864-4ca8-90f2-bdb36cb81b99"
"0639","自由のAkyo","FreedomAkyo","像・埴輪,芸術・アート",,"すいしょー","https://vrchat.com/home/avatar/avtr_7ec41427-1e99-4d5c-87c1-20d7e1d68b88"
"0640","まめがっぱあきょ","まめがっぱあきょ","架空の存在,まめ,まめAkyo","きゅうりください","kuro5963","https://vrchat.com/home/avatar/avtr_b0bb887f-de8e-4d7b-a8ab-7284544351e6"
"0641","まめAkyo","Bean Akyo","まめ,まめAkyo",,"bosa_bosa","https://vrchat.com/home/avatar/avtr_c65daaf6-30ec-456f-90cf-68f60ecbeec5"
"0642","エプリAkyo","epliもどき","パロディ,パロディ/VRChat",,"Rio_'","https://vrchat.com/home/avatar/avtr_91bab6d5-ca89-491e-a862-f926000102e4"
"0643","かっぱまきAkyo","akyo かっぱまき","食べ物,食べ物/料理,食べ物/お寿司,食べ物/野菜,食べ物/野菜/きゅうり","新鮮なキュウリを使用しているらしい。","ささのき","https://vrchat.com/home/avatar/avtr_7f39082b-0a33-414c-8a19-41c116b86f7f"
"0644","キウイAkyo2","akyo_キウイ2","食べ物,食べ物/フルーツ",,"ささのき","https://vrchat.com/home/avatar/avtr_a2a53869-addc-4c21-acfb-acfdb0a0b7ce"
"0645","ワンピースきつねAkyo2025","akyo_きつね25ワンピ","動物/きつね,季節・行事,衣類・衣装,動物",,"ささのき","https://vrchat.com/home/avatar/avtr_f6764dcf-02b9-4c2d-9b23-bb565157b59a"
"0646","スポッティングルックAkyo","SpottingLookAkyo","チョコミント類,ギミック・特殊",,"NEET ENGINEER","https://vrchat.com/home/avatar/avtr_666a82fa-68cf-4317-a1d2-a3aee3cbf6c5"
"0647","ウエスタンきつねAkyo","akyo_きつねウエスタン","動物/きつね,動物,なりきり・仮装",,"ささのき","https://vrchat.com/home/avatar/avtr_605792cc-122c-4257-936d-715d2b37b144"
"0648","まつぼっくりAkyo","akyo まつぼっくり","食べ物,食べ物/フルーツ",,"ささのき","https://vrchat.com/home/avatar/avtr_7f4c685d-4a70-4027-bf67-782a67fed862"
"0649","しゃけAkyo","akyo_しゃけ","食べ物,動物/魚,動物",,"ささのき","https://vrchat.com/home/avatar/avtr_07d0cc53-5165-45a1-aabb-d769d325c66a"
"0650","うAkyo","う","チョコミント類,ギミック・特殊",,"NEET ENGINEER","https://vrchat.com/home/avatar/avtr_4defb3b7-ddf8-4917-928e-d58846a09096"
"0651","エイAkyo","akyo_エイ","動物/魚,動物,動物/海の生き物",,"ささのき","https://vrchat.com/home/avatar/avtr_2078f132-cbc1-4fa8-a763-6e7826bc00f4"
"0652","ももAkyo","akyo_もも","食べ物,食べ物/フルーツ",,"ささのき","https://vrchat.com/home/avatar/avtr_2c4fb3a6-a3b6-4442-b5d1-15778347dc7d"
"0653","ハッシュAkyo","HashAkyo","ギミック・特殊",,"NEET ENGINEER","https://vrchat.com/home/avatar/avtr_cdd13ff9-41f9-48c7-a1a6-d7aaa0b9bee6"
"0654","アンチ浮動小数点Akyo","おい！浮動小数点浮動するな！","ギミック・特殊",,"NEET ENGINEER","https://vrchat.com/home/avatar/avtr_4eff6ec6-b04e-4c6e-b5cc-29cc22b526b5"
"0655","クリオネAkyo","akyo クリオネ","動物/軟体,貝,動物,動物/海の生き物",,"ささのき","https://vrchat.com/home/avatar/avtr_34ec4a76-cdaf-498f-8f7a-8110ac1f3a59"
"0656","蘇我高原Akyo","蘇我高原","ギミック・特殊",,"NEET ENGINEER","https://vrchat.com/home/avatar/avtr_81452d3c-5422-423a-b4e2-914616709ba3"
"0657","わにAkyo","akyo わに","動物/ワニ,動物",,"ささのき","https://vrchat.com/home/avatar/avtr_c9e56c83-ba36-4262-ad0d-474ac93ef131"
"0658","ルーンAkyo","akyo ルーン","ギミック・特殊",,"ささのき","https://vrchat.com/home/avatar/avtr_6f0c7086-9f16-416e-8390-b259627fc45e"
"0659","ハロウィンきつねAkyo2025","akyo_きつねハロウィン25","季節・行事,動物/きつね,動物,なりきり・仮装",,"ささのき","https://vrchat.com/home/avatar/avtr_5278f2bc-68ee-43df-b015-e29b5a696965"
"0660","マスクおおかみAkyo","akyo_おおかみマスク","動物/おおかみ,衣類・衣装,動物",,"ささのき","https://vrchat.com/home/avatar/avtr_05eacbfe-57a5-4d51-9ef5-51034d95a29c"
"0661","ベニテングタケAkyo","akyo_ベニテングタケ","菌類",,"ささのき","https://vrchat.com/home/avatar/avtr_a925e1ff-0ef1-458b-a34a-2341d99b1a02"
"0662","ハロウィンメイドきつねAkyo","akyo_メイド_ハロウィン","動物/きつね,季節・行事,動物,職業・家柄,なりきり・仮装",,"ささのき","https://vrchat.com/home/avatar/avtr_d9c07422-e074-487b-b565-f2ea1f6c0254"
"0663","医者どらごんAkyo","akyo 医者どらごんakyo","職業・家柄,架空の存在,架空の存在/りゅう・ドラゴン",,"ささのき","https://vrchat.com/home/avatar/avtr_c3441277-1558-433c-aa75-8bcd9469dc9c"
"0664","ハロウィンにんじんAkyo","akyo_にんじんハロウィン","食べ物/野菜,季節・行事,食べ物,食べ物/野菜/にんじん,なりきり・仮装",,"ささのき","https://vrchat.com/home/avatar/avtr_78763b3e-9111-4aa2-a2b3-b44d80dbb690"
"0665","たまねぎAkyo","akyo_たまねぎ","食べ物/野菜,食べ物",,"ささのき","https://vrchat.com/home/avatar/avtr_97e175e3-150b-4a3b-b77a-ef103397227f"
"0666","ルックAkyo？","Look? Akyo","チョコミント類,ギミック・特殊",,"NEET ENGINEER","https://vrchat.com/home/avatar/avtr_1228f8a4-40bd-4d2c-ac47-1bff46d5b131"
"0667","ランチャームAkyo","akyo_ランチャーム","調味料,食べ物,食べ物/料理,食べ物/お弁当",,"ささのき","https://vrchat.com/home/avatar/avtr_f1df92b1-52ff-4cd9-a47b-3ee5385a9af6"
"0668","風邪Akyo","kazeakyo","病気,チョコミント類,自然",,"nezu_jp","https://vrchat.com/home/avatar/avtr_1a8e5fc0-5930-440c-8815-2d318ea8a273"
"0669","人面Akyo","Akyo","ギミック・特殊,なりきり・仮装",,"ichigata","https://vrchat.com/home/avatar/avtr_3e4038de-1d26-41e6-a710-9cda8e5dd5c5"
"0670","耳Akyo","Vacanti Akyo","器官",,"Kaiiiiiiiii","https://vrchat.com/home/avatar/avtr_b327e7d0-79ee-4b37-8e2c-3fa6db836cb0"
"0671","多耳症Akyo","多耳症あきょう","器官,病気",,"Kaiiiiiiiii","https://vrchat.com/home/avatar/avtr_8ea393a8-e6fa-4745-845e-974aa3fcf610"
"0672","顔Akyo","Face","器官",,"Kaiiiiiiiii","https://vrchat.com/home/avatar/avtr_4ba4ba9d-d0b5-4255-9e58-dfacd917ef62"
"0673","Agyo","agyo","チョコミント類,ギミック・特殊,合体・変身",,"․reiki","https://vrchat.com/home/avatar/avtr_349aeb2b-df20-4499-9729-fb818392a97f"
"0674","ウミガメAkyo","akyo_うみがめ","動物,動物/かめ,素材・材質・生地,素材・材質・生地/硬い","暖かい海に住み、サンゴ礁の周りを泳いでいる姿がよく見られる。また陸に上がり、砂浜を散歩することもあるようだ","ささのき","https://vrchat.com/home/avatar/avtr_0a92e521-0723-4dc7-9dd8-23fe4724dc86"
"0675","Akyo S","Akyo S","グロテスク,ギミック・特殊","海の向こうで発見された正体不明のAkyo。その生態は謎に包まれている。","yeaboi","https://vrchat.com/home/avatar/avtr_5fd3fe95-8af8-43bc-af72-87bc16ec57cd"
"0676","Akyo J","akyo J","ギミック・特殊","海の向こうで発見された正体不明のAkyo。その生態は謎に包まれている。","yeaboi","https://vrchat.com/home/avatar/avtr_fed4937b-e938-4174-94fc-6a06c2e49683"
"0677","虹Akyo","量産型ななきょう","色,天候,自然","とある雨の日、TVクルーが撮影したビデオに映り込んでおりその存在が公に晒されることとなった。","nanairoshikibu","https://vrchat.com/home/avatar/avtr_ea5ee448-52f5-4684-9a5f-4113ba29bc4b"
"0678","雨Akyo","amekyo","天候,自然","雨の日に現れるという噂がある。信憑性はかなり低い。","ameno-hisui","https://vrchat.com/home/avatar/avtr_0ad6c464-645d-4b3d-b48b-8b173b9d1b6c"
"0679","うろAkyo","urokyo","メガネ","情報提供募集中","ウロVRC","https://vrchat.com/home/avatar/avtr_697acb61-6b9e-4ede-8276-735695375010"
