ID,見た目,通称,アバター名,属性（モチーフが基準）,備考,作者（敬称略）,アバターURL
001,,Origin Akyo,Akyo origin,Mint Chocolate,すべてのはじまり,ugai,https://vrchat.com/home/avatar/avtr_471f82ba-0c0b-4fe5-9f9c-3c7d88ab1921
002,,Mint Chocolate Akyo,Akyo alt,Mint Chocolate,Quest対応〇,ugai,https://vrchat.com/home/avatar/avtr_8df233a7-c8fa-4188-81d8-a0b40274e003
003,,Red Mint Chocolate Akyo,Red basic Akyo,Mint Chocolate,チョコミントAkyoの色違い,Holimond.jp,https://vrchat.com/home/avatar/avtr_4906f0f8-9fcd-4602-8e10-98dd0dda9bab
004,,Green Mint Chocolate Akyo,Green basic Akyo,Mint Chocolate,チョコミントAkyoの色違い,Holimond.jp,https://vrchat.com/home/avatar/avtr_610d4cb5-fcdc-45cb-a375-ff4b9bc93a81
005,,Blue Mint Chocolate Akyo,Blue basic Akyo,Mint Chocolate,チョコミントAkyoの色違い,Holimond.jp,https://vrchat.com/home/avatar/avtr_e62d5dca-495b-4601-a0fa-b2be5f25595b
006,,Yellow Mint Chocolate Akyo,Yellow basic Akyo,Mint Chocolate,チョコミントAkyoの色違い,Holimond.jp,https://vrchat.com/home/avatar/avtr_fcabb931-01fc-4448-99fd-7dfba9ea3419
007,,Black Mint Chocolate Akyo,Black basic Akyo,Mint Chocolate,チョコミントAkyoの色違い,Holimond.jp,https://vrchat.com/home/avatar/avtr_8cd731b4-43b3-4241-a609-ce9dfcfed45d
008,,White Mint Chocolate Akyo,White basic Akyo,Mint Chocolate,チョコミントAkyoの色違い,Holimond.jp,https://vrchat.com/home/avatar/avtr_0346605b-98c9-4f0e-8b4a-656bb02a51b0
009,,Gray Mint Chocolate Akyo,Gray basic Akyo,Mint Chocolate,チョコミントAkyoの色違い,Holimond.jp,https://vrchat.com/home/avatar/avtr_42c02723-21b9-419a-9562-4013de092636
010,,Mini Mint Chocolate Akyo,ミニミニAkyoAkyo,Mint Chocolate,小さくなったチョコミントAkyo,Holimond.jp,https://vrchat.com/home/avatar/avtr_4af80dc9-24b3-4d63-a819-d33debac5055
011,,Super Versatile Akyo,スーパー汎用Akyo,"Mint Chocolate,Gimmick",デフォルトAkyo普及への思いから生まれた便利機能もりもりのAkyoで、表情、ペン、飛行、睡眠、おんぶ等多彩な機能が使用可能,nekononomicon,https://vrchat.com/home/avatar/avtr_e861e3c4-5227-4b65-8d1a-813d9f6fcffe
012,,Super Staff Akyo,スーパースタッフAkyo,"Mint Chocolate,Gimmick",Akyoイベントスタッフ用のAkyoで、セキュリティ上スタッフ機能は通常ロックされている。,nekononomicon,https://vrchat.com/home/avatar/avtr_83cb1a9e-9997-4f97-b737-83be2daa62c5
013,,Super Warp Akyo,スーパーワープAkyo,"Mint Chocolate,Gimmick",ワープを覚えたAkyo。Questの場合はPCユーザーにおんぶしてもらうとワープできる,nekononomicon,https://vrchat.com/home/avatar/avtr_0f22cd8e-2cb8-408c-8308-8d5fa2d11dcb
014,,Super Flying Delivery Akyo,スーパーフライング運送Akyo,"Mint Chocolate,Gimmick",フライング運送を覚えたAkyo。箱のふたは開け閉めできる。スーパー運送Akyoもいるとのこと,nekononomicon,https://vrchat.com/home/avatar/avtr_a4a98039-e32b-4915-8663-a1d73c17f3fa
015,,Run Akyo,Akyo Run,Mint Chocolate,,ugai,https://vrchat.com/home/avatar/avtr_3b1ca729-b513-4fb6-9beb-127763696f53
016,,Valve Akyo,Akyo Valve,Mint Chocolate,,ugai,https://vrchat.com/home/avatar/avtr_37f03e0b-fa7e-4edc-8c15-062407d6998c
017,,N/A,Akyo,"Mint Chocolate,Special",謎のAkyo,ugai,https://vrchat.com/home/avatar/avtr_19cb8afc-cda5-416f-a590-726a33f634b4
018,,Humanoid Akyo,Humanoid Akyo v1․71 Multi Clothes,Human,,ugai,https://vrchat.com/home/avatar/avtr_4ddbe005-72e1-478d-848a-25bf5e4972c0
019,,Kitsunetsuki's Fox Akyo,KTNTK_Akyo,"Fox,Animal",,kitsune_tsuki,https://vrchat.com/home/avatar/avtr_84179c75-7975-4f15-955b-c1f94a211bbe
020,,Kitsunetsuki's Ghost Fox Akyo,sAKYOn_Ghost,"Fox,Animal,Ghost",,kitsune_tsuki,https://vrchat.com/home/avatar/avtr_f9365ef3-351c-4abf-b4b8-5e09e49b13c4
021,,Kitsunetsuki's Melted Fox Akyo,Melt_sakyon,"Fox,Animal",,kitsune_tsuki,https://vrchat.com/home/avatar/avtr_32eff565-39cc-46bb-883a-5b25473d095c
022,,Kitsunetsuki's Long-Leg Fox Akyo,sAKYOn_？,"Fox,Animal",,kitsune_tsuki,https://vrchat.com/home/avatar/avtr_29c2973e-8181-4fa7-8e12-f0578d2727ea
023,,Uuga Eats Akyo,Uuga Eats,"Mint Chocolate,Occupation・Family background",,bbbbb_himiko,https://vrchat.com/home/avatar/avtr_9f160901-c9cf-4329-b021-e29b7dbffd0e
024,,Akyongelion,Akyongelion Type-08,"Vehicle,Machine",,bbbbb_himiko,https://vrchat.com/home/avatar/avtr_fd9889b7-dcfd-4056-8e95-606d4a14ec70
025,,Akyosu,Akyosu,Special,,bbbbb_himiko,https://vrchat.com/home/avatar/avtr_37ccdd47-0bf3-4ea5-b279-4fcff01f3c51
026,,Cordyceps Akyo,Toutyuakyo_冬虫亜京,Bug,,bbbbb_himiko,https://vrchat.com/home/avatar/avtr_c1bded47-4a5f-4f89-8ec9-142f8a7db49a
027,,Spoon Fork Akyo,spoon_fork_akyo,Tool,,bbbbb_himiko,https://vrchat.com/home/avatar/avtr_800ba63a-2ac7-4f4c-80da-16a2880e7972
028,,Robot Akyo（Sample）,AkyoRobotSample,Machine,,n777,https://vrchat.com/home/avatar/avtr_f639a269-adb1-4506-9209-6631ce4201c6
029,,Duffle Coat Akyo,Duffel coat_Akyo,"Mint Chocolate,Cloth・Costume",,isamu_masashi,https://vrchat.com/home/avatar/avtr_9ec28f7b-9f5a-433a-9422-d7578368a679
030,,Down Vest Akyo,Downvest_Akyo,"Mint Chocolate,Cloth・Costume",,isamu_masashi,https://vrchat.com/home/avatar/avtr_40663914-34fa-48d8-b355-e69c2c64e294
031,,Raymarch Akyo,RaymarchAkyo,Mint Chocolate,,NEET ENGINEER,https://vrchat.com/home/avatar/avtr_a6026732-c88e-4cc0-8d32-72d90fafe959
032,,Look Akyo,LookAkyo,"Mint Chocolate,Gimmick",,NEET ENGINEER,https://vrchat.com/home/avatar/avtr_0eca2798-47a4-4dc3-92b7-0ede4f254bb6
033,,Mystic Akyo,akyo_mystic,Special,,Bangasa,https://vrchat.com/home/avatar/avtr_b2ba6d63-146f-41e5-9dc7-f5dd335ff53a
034,,Sea Slug Akyo,UMIUSHI_AKYO_BLUE,"Sea Slug,Animal",,Bangasa,https://vrchat.com/home/avatar/avtr_c6b41a46-f18b-4c6a-8f4c-0694b8e10a95
035,,Mystic Sea Slug Akyo,akyo_mystic_umiushi,"Sea Slug,Animal,Special",,Bangasa,https://vrchat.com/home/avatar/avtr_01f41d9a-80e9-4463-bea1-8fee85f3829d
036,,Neo Sea Slug Akyo,neo_umiushi_akyo,"Sea Slug,Animal",,Bangasa,https://vrchat.com/home/avatar/avtr_18efa753-234b-458d-85b0-0d745d22987f
037,,Pitcher Plant Akyo,ウツボカズラAkyo,Plant,,teramo,https://vrchat.com/home/avatar/avtr_73339a9a-4bf5-4944-a601-e15d95aad67b
038,,Toon Akyo,Toon Akyo!,"Special,Copyright/Disney,Parody",,teramo,https://vrchat.com/home/avatar/avtr_cd27aba2-7447-4dc6-ba38-560e8e132ff2
039,,Cactus Akyo,アキョテン,Plant,,teramo,https://vrchat.com/home/avatar/avtr_d7b18086-59bd-4e4d-877a-dd5091eeb481
040,,Roast Akyo,Roast_Akyo,"Meat,Food",,teramo,https://vrchat.com/home/avatar/avtr_39d3a34e-ac77-44ef-8023-cb890f79cc5b
041,,Veiled Lady Mushroom Akyo,キヌガサAkyo,Fungus,,teramo,https://vrchat.com/home/avatar/avtr_d90c1af0-58bb-43bc-aa8b-c8d51e25114c
042,,64 Polygon Akyo,64Akyo,"Low-poly,Special",色変更可能,teramo,https://vrchat.com/home/avatar/avtr_1c2eee3d-8d73-465b-bc66-551fcdff3dc1
043,,Southern Tamandua Akyo,ミナミコアリクイAkyo,"Anteater,Animal",,teramo,https://vrchat.com/home/avatar/avtr_03c93715-e49f-4992-969a-aec9f3d7682d
044,,Moss Akyo,Moss,"Moss,Plant",,カヤ（kaya）,https://vrchat.com/home/avatar/avtr_7e4418e8-a734-4072-99c3-8653c755aaa8
045,,Wood Akyo,Wood,Plant,,カヤ（kaya）,https://vrchat.com/home/avatar/avtr_415137aa-5cbf-4027-b9b9-668303cc2f70
046,,Marble Akyo,Marble,Stone,,カヤ（kaya）,https://vrchat.com/home/avatar/avtr_1501f28e-a6db-4a5e-8968-1da53a1a961d
047,,Konjac Akyo,konjacAkyo,Food,首が動く,ごまシフォン,https://vrchat.com/home/avatar/avtr_ca72a3f4-082b-4f5e-99b2-cf6abedfcd73
048,,UFO Akyo,UFOAkyo,"Vehicle,UMA",,nekononomicon,https://vrchat.com/home/avatar/avtr_6f73a233-3ed2-4c81-98d9-aaff1fc477cd
049,,Research Vessel MU-KYO,調査船MU-KYO,"Vehicle,Copyright/Muy,Parody",,nekononomicon,https://vrchat.com/home/avatar/avtr_98bd2b2f-991e-42d2-86b5-ca576f02032a
050,,Just Baked Sweet Potato Akyo,JustやきいもAkyo,"Food,Gimmick",,nekononomicon,https://vrchat.com/home/avatar/avtr_a2195b1e-688e-4d15-b144-4daa9982c00d
051,,Lemon Akyo,レモンAkyo,Food,,nekononomicon,https://vrchat.com/home/avatar/avtr_900b8728-f5d5-41dd-abe8-d28e866231ae
052,,Goat Akyo,％＆＠＄＃ヤギAkyo,"Goat,Animal",,nekononomicon,https://vrchat.com/home/avatar/avtr_82097fe1-f3fd-4755-b45b-a86c01ad6a49
053,,Devil Goat Akyo,デビルヤギAkyo,"Goat,Animal,Devil・Saccubus",,nekononomicon,https://vrchat.com/home/avatar/avtr_21d65ba5-081c-454e-8124-7aade9ef1a95
054,,Cheese Gyudon Akyo,チーズ牛丼Akyo,"Meat,Food",,Hawawa9,https://vrchat.com/home/avatar/avtr_c2ba2bf3-942b-49c1-b22a-ff1dbd041d04
055,,Skin Akyo,皮Akyo,"Material,Fox,Animal",リアル狐Akyoとのこと,甘水あみ,https://vrchat.com/home/avatar/avtr_ccddd5fd-df57-47fa-b7ab-a3e0c868a4e7
056,,Meat Akyo,肉Akyo,"Fox,Animal,Meat,Food",,甘水あみ,https://vrchat.com/home/avatar/avtr_189e56d5-4ce0-4d9a-b965-e3b0f8056fb5
057,,Topiary Akyo,トピアリーAkyo,Plant,,甘水あみ,https://vrchat.com/home/avatar/avtr_1689b5fa-6a1e-4fbb-ae53-f74ac3f3c150
058,,Cyber Akyo,CyberAkyo,"Mint Chocolate,Copyright/Cyberpunk,Parody",,Holimond.jp,https://vrchat.com/home/avatar/avtr_130cc445-7bbe-4477-8b47-eae583097c5f
059,,Ground Self-Defense Force Akyo,陸自Akyo,Occupation・Family background,,long-potato,https://vrchat.com/home/avatar/avtr_2d80cf2e-afd4-464a-824e-27f38d4165de
060,,Farmer Akyo,NOKYO,Occupation・Family background,,long-potato,https://vrchat.com/home/avatar/avtr_cb7a3393-d5e0-4580-9ab3-de2f34a25ee3
061,,Cedar Moss Akyo,sugigokeakyo,"Moss,Plant",,long-potato,https://vrchat.com/home/avatar/avtr_d486c325-a03c-4e3f-8162-62b49a2ef279
062,,Sunfish Akyo,ManbowAkyo,Fish,,long-potato,https://vrchat.com/home/avatar/avtr_1063161d-4535-4896-b797-0f5ba63042b8
063,,Wiles Akyo,ワイルズAkyo,Mint Chocolate,,long-potato,https://vrchat.com/home/avatar/avtr_78e8ae99-4c21-428b-9e05-1ec42a74102a
064,,Denim Akyo,Akyo_Denim,Material,,らど/rado1031,https://vrchat.com/home/avatar/avtr_4b4a1951-c15d-4adf-833f-dbe11d3e0752
065,,Magma Akyo,Akyo_Magma,Stone,,らど/rado1031,https://vrchat.com/home/avatar/avtr_e2e85e82-5f1e-4557-a957-bed11f0c9f7a
066,,Watcher Akyo,Akyo_Watcher,Special,,らど/rado1031,https://vrchat.com/home/avatar/avtr_4d4cb080-6d17-4898-8d18-3910bb2b2007
067,,Stealth Akyo,Akyo_Stealth,Material,,らど/rado1031,https://vrchat.com/home/avatar/avtr_8f0a7c2d-4c8f-47ff-98cd-479a99b155d4
068,,TIA Shirts Akyo,Akyo_Shirt_TIA,"Mint Chocolate,Special",『THIS IS AKYO!』のシャツを着たAkyo,らど/rado1031,https://vrchat.com/home/avatar/avtr_900b9f1b-9400-4167-884c-04ead786ce0c
069,,Error Akyo,errorAkyo,Special,,葱 potipoti93,https://vrchat.com/home/avatar/avtr_c784d244-57e3-4cd8-8cde-62c6438ee161
070,,This is Cat Akyo,AKYo-040-jp,"Copyright/SCP,Parody",,葱 potipoti93,https://vrchat.com/home/avatar/avtr_c7806ddb-31a4-454b-a3e7-1402214190bf
071,,Mona Lisa Akyo,monAkyoriza,"Mint Chocolate,Art",,葱 potipoti93,https://vrchat.com/home/avatar/avtr_5dec48b1-73e1-4d09-98bc-f4439d1db740
072,,TV Akyo,TVideoAkyo,"Mint Chocolate,Machine",,葱 potipoti93,https://vrchat.com/home/avatar/avtr_2ea366db-004f-4502-b613-700bd7478e74
073,,Zundamon Akyo,Akyodamon_yousei,"Copyright/Zundamon,Parody",,葱 potipoti93,https://vrchat.com/home/avatar/avtr_7fcde9bb-0dba-4e81-8457-ca29ada051d1
074,,Relaxed Anubis Akyo,Yurumeno_Akyobis,God,葱さん式アヌビスAkyo,葱 potipoti93,https://vrchat.com/home/avatar/avtr_1d8a7298-ac5c-4a47-91db-0ff2f6f2e07a
075,,Election Poster Akyo,senAkyoposter,"Mint Chocolate,Art",,葱 potipoti93,https://vrchat.com/home/avatar/avtr_f4f0dad1-98e9-4c57-a6f3-2bf7b37a5c58
076,,Sugar Akyo,SugarpotAkyo,Seasoning,,葱 potipoti93,https://vrchat.com/home/avatar/avtr_6ec37955-3998-4ad5-bb0c-44e0e3b1a5cd
077,,Beksinski Akyo,BeksinskiAkyo,Art,,葱 potipoti93,https://vrchat.com/home/avatar/avtr_4d10865e-3bd5-488c-9f72-65724e6b58bb
078,,Turret Akyo,TurretAkyo,Machine,,葱 potipoti93,https://vrchat.com/home/avatar/avtr_e17fe2a3-c351-4ca8-8e90-10ea077019cc
079,,Wanna Be Crab Akyo,KanininaritaiAkyo,"Crab,Animal",,葱 potipoti93,https://vrchat.com/home/avatar/avtr_b0c29ba2-2c8f-496d-abcf-6693567db8a5
080,,Rene Magritte Akyo,Rene_MAkyoritte,"Fish,Art",,葱 potipoti93,https://vrchat.com/home/avatar/avtr_4bbdb42f-e1ff-4609-94df-bdf905b830fc
081,,Carbuncle Akyo,カーバンクルAkyo,Spirit,,幻遊童子,https://vrchat.com/home/avatar/avtr_386955dc-f23f-47e6-aefd-5a51871b64d2
082,,DDT-AKYO,DDT-AKYO,Uncategorized,,スケタ_,https://vrchat.com/home/avatar/avtr_ede60d3a-1aa4-4615-98cb-72b765231feb
083,,Mole Akyo,もぐらAkyo,"Mole,Animal",,スケタ_,https://vrchat.com/home/avatar/avtr_f7f10558-f0d3-43c2-996a-027264644d10
084,,Elephant Jellyfish Akyo,ゾウクラゲAkyo,"Jellyfish,Animal",,スケタ_,https://vrchat.com/home/avatar/avtr_d44f6860-c79f-41ab-b7a8-cb7cc9b4ee89
085,,Tacos Akyo,タコスAkyo,"Tacos,Food",,スケタ_,https://vrchat.com/home/avatar/avtr_7deaf4fd-fb4d-4e53-8471-b84d2ce584a4
086,,If I Could Be a Piano Akyo,もしもピアノになれたならAkyo,"Musical Instrument,Wish",,よーつーよぼー,https://vrchat.com/home/avatar/avtr_9c938fc7-943c-4cc5-a70c-3c20882898c4
087,,School Swimsuit Akyo,スク水あきょう,"Occupation・Family background,Cloth・Costume",,syuninn39,https://vrchat.com/home/avatar/avtr_0f95048d-98e0-4b42-91fc-6c011037166f
088,,Garden Eel Akyo,ちんあきょー,"Fish,Animal",,syuninn39,https://vrchat.com/home/avatar/avtr_6f1d2dab-b56a-456c-87ab-bf1d22913e41
089,,Undulation Akyo,UneAkyo,Uncategorized,,Sau-AU,https://vrchat.com/home/avatar/avtr_63cf426a-f1df-4905-8a00-40f188e2f077
090,,Clone Akyo,BunshinAkyo,Uncategorized,,Sau-AU,https://vrchat.com/home/avatar/avtr_70370223-953b-42f4-81b8-258060f8d449
091,,Stained Glass Akyo,StainedGlassAkyo,Uncategorized,,Sau-AU,https://vrchat.com/home/avatar/avtr_56f36a30-a80a-4bb4-a528-00432c10fa5d
092,,Disappearing Akyo,KieruAkyo,Uncategorized,,Sau-AU,https://vrchat.com/home/avatar/avtr_a28bea18-d9bb-4f5d-8383-9056c1fd48b9
093,,UV Unwrap Akyo,UVtenkaiAkyo,Uncategorized,,Sau-AU,https://vrchat.com/home/avatar/avtr_abc7e6b3-3809-40de-9022-c8898af75572
094,,Color Change Akyo,ColorChangeAkyo,Uncategorized,,Sau-AU,https://vrchat.com/home/avatar/avtr_b1af3172-a8e1-47cb-99db-7942f1ccec6a
095,,Random Noise Akyo,RandomNoiseAkyo,Uncategorized,,Sau-AU,https://vrchat.com/home/avatar/avtr_2fbb83fd-2e73-43d8-a5e3-3bf01a5180d0
096,,Distortion Akyo,DistortionAkyo,Uncategorized,,Sau-AU,https://vrchat.com/home/avatar/avtr_5091df1c-059b-4e37-8b36-32392ad98b61
097,,Mosaic Akyo,MosaicAkyo,Uncategorized,,Sau-AU,https://vrchat.com/home/avatar/avtr_e2e244da-1e4c-4225-89e8-e8925238df5d
098,,About to Fall Akyo,OtisouAkyo,Uncategorized,,Sau-AU,https://vrchat.com/home/avatar/avtr_5831a624-e498-42d3-899b-329e6fee5f33
099,,Wave Akyo,HadouAkyo,Uncategorized,,Sau-AU,https://vrchat.com/home/avatar/avtr_b45f3a26-0632-4654-b798-f8ca0d57f212
100,,Hypnosis Akyo,HypnosisAkyo,Uncategorized,,Sau-AU,https://vrchat.com/home/avatar/avtr_7f1ec618-fcc2-4ec5-a06d-950867cf91d1
101,,Sucked-In Akyo,SuikomareruAkyo,Uncategorized,,Sau-AU,https://vrchat.com/home/avatar/avtr_e1737069-cff2-4dcc-934f-828786678748
102,,Glitch Akyo,GlitchAKyo,Uncategorized,,Sau-AU,https://vrchat.com/home/avatar/avtr_ae211149-d7a5-4ce4-9cd8-8854c18dd477
103,,Voxel Akyo,BoxelAkyo,Uncategorized,,Sau-AU,https://vrchat.com/home/avatar/avtr_466a40fb-5aeb-4a7d-831b-5d815ddaa43e
104,,Rainbow Akyo,RainbowAkyo,Uncategorized,,Sau-AU,https://vrchat.com/home/avatar/avtr_1d9cb50f-6080-4aa5-a62d-109dc2602794
105,,Sau Akyo,SauAkyo,Uncategorized,,Sau-AU,https://vrchat.com/home/avatar/avtr_987cc6da-2d65-4cc3-881b-e0f528fd0ac2
106,,Disappearing Akyo 3.0,KieruAkyo3․0,Uncategorized,,Sau-AU,https://vrchat.com/home/avatar/avtr_353097b1-5927-4952-9aad-9606885cf438
107,,Salamander Akyo,SalamanderAkyo,Uncategorized,うぱAkyoと呼んだりもする,SauAu,https://vrchat.com/home/avatar/avtr_44fec38a-0008-4421-98aa-9dfdc4030c44
108,,Melted Akyo,MeltedAkyo,Uncategorized,スライムAkyoかも,SauAu,https://vrchat.com/home/avatar/avtr_d2b73f03-0c08-4d5a-9819-9f91aa9659e1
109,,Real Akyo,RealAlyo_Light,Uncategorized,,kumax9,https://vrchat.com/home/avatar/avtr_f159ccc0-e850-4468-a8e0-19c68b376a96
110,,Chubby Akyo,Akyo_debu,Uncategorized,,kumax9,https://vrchat.com/home/avatar/avtr_edc3a97f-5745-4a44-9cba-21f064f87617
111,,Angel Akyo,Akyo Angel,Uncategorized,,ElzharWP1／アレゾー,https://vrchat.com/home/avatar/avtr_5bcb4d80-7826-4a40-ba70-7e020504497a
112,,Cyber Akyo,さいばーあきょう,Uncategorized,,BunyanP,https://vrchat.com/home/avatar/avtr_038fdf9c-9c4d-415b-b890-16d5e32eca8c
113,,Theremin Akyo,テルミンAkyo,Uncategorized,,dekadan,https://vrchat.com/home/avatar/avtr_abbbfdef-ea4f-426f-92e6-aaeb4df3c0e6
114,,Fluffy Akyo,ふわふわAkyo,Uncategorized,472番は別作者バージョン,雨音さかな,https://vrchat.com/home/avatar/avtr_74cec706-10c1-4bb2-9f3d-6d829dbd182a
115,,Festival Akyo,matsuri akyo ＋pen,Uncategorized,,あるてに ⁄ Arteni,https://vrchat.com/home/avatar/avtr_a43e9175-ae4b-4c8e-80b2-1e8f371d886b
116,,Hinata Akyo,HinataAkyo,Uncategorized,,ヒーハー ObamaSonic,https://vrchat.com/home/avatar/avtr_7fa2c48e-693e-4130-93a4-ca054a4ccb36
117,,Medjed Akyo,メジェドAkyo,Uncategorized,,arukaH․,https://vrchat.com/home/avatar/avtr_102d48b3-a841-47b1-ba93-042901dc84ac
118,,Amago-Carrying Akyo,AMAGOAkyo,Uncategorized,,zhoney666,https://vrchat.com/home/avatar/avtr_04a0b933-d2a1-46a3-9337-25767167282a
119,,Bonito-Carrying Akyo,KATUO＿Akyo,Uncategorized,,zhoney666,https://vrchat.com/home/avatar/avtr_a2d0044a-474e-478f-932a-b04e393ad2b3
120,,Grass Akyo,KUSAAkyo,Uncategorized,,zhoney666,https://vrchat.com/home/avatar/avtr_35454860-8134-4485-8c7c-2eeb9dabd3ce
121,,Sparkly Akyo,KIRAKIRAAkyo,Uncategorized,,zhoney666,https://vrchat.com/home/avatar/avtr_36de6112-6f2e-483f-85ae-5d3f79fc80d6
122,,Amazing Halo Akyo,後光がなんかすごいAkyo,God,,zhoney666,https://vrchat.com/home/avatar/avtr_6505171c-e680-4ef8-8845-b7a7ac342d68
123,,Bubble Akyo,泡Akyo,Uncategorized,泡Akyo1体目,ふらっと（flat）,https://vrchat.com/home/avatar/avtr_31cdcccc-66c2-4632-8d08-0a319b583ac9
124,,Diffraction Grating Akyo,回折格子Akyo,Uncategorized,,ふらっと（flat）,https://vrchat.com/home/avatar/avtr_a24f37ec-7d3a-4537-85a9-a58c18080737
125,,Chromatophore Optical Camouflage Akyo,色胞光学迷彩Akyo,Uncategorized,,ふらっと（flat）,https://vrchat.com/home/avatar/avtr_53f69d22-b2d6-4ecf-aa89-936fd9440e6d
126,,Leopard Gecko Akyo,ヒョウモントカゲモドキAkyo,Uncategorized,,ふらっと（flat）,https://vrchat.com/home/avatar/avtr_c484e100-e8ec-4fd1-8ee8-10ffd543e537
127,,Okinawa Rail Akyo Akyo,ヤンバルクイナAkyo,Uncategorized,,まーほん（marhon）,https://vrchat.com/home/avatar/avtr_8f7cb0a2-1711-459b-84fd-0582fb296e26
128,,Particle Akyo,Akyo,Uncategorized,,Landy_Jozo,https://vrchat.com/home/avatar/avtr_736053d2-b02c-44d0-b3e3-aaaeb46f61d6
129,,Grilled Akyo,yaki AKYO,Uncategorized,,HINA_HERCURES,https://vrchat.com/home/avatar/avtr_c71d206f-8ac4-4729-9474-a5f77b44165c
130,,Tail Meat Akyo,ぼんじり（お徳用）,Uncategorized,,HINA_HERCURES,https://vrchat.com/home/avatar/avtr_287614de-96d7-49d6-af80-110b34e6f442
131,,Dancer Akyo,踊り子Akyo,Uncategorized,,YukiYukiVirtual,https://vrchat.com/home/avatar/avtr_b200729e-1158-43a5-9ff8-0a84fbca061f
132,,Gucci Akyo,Gucci Akyo,Uncategorized,柄はフリーのため権利的にはセーフ,SplitScream,https://vrchat.com/home/avatar/avtr_0662515d-ce3d-4f57-b9a6-e08b7bb5eff2
133,,Suama Akyo,akyo_suama,Uncategorized,,fues（ひゅーず）,https://vrchat.com/home/avatar/avtr_49763c1f-27e1-4377-89b9-26230d6f99dc
134,,Amethyst Akyo,AmethystAkyo,Uncategorized,,しみずあきら,https://vrchat.com/home/avatar/avtr_ffad6923-877f-4a5d-83b1-d4c2bb8d66b1
135,,Cardboard Akyo,akyo snake,Uncategorized,,qchan949,https://vrchat.com/home/avatar/avtr_6cc5a8d4-d1e9-49f5-8836-6afe115e3bd6
136,,Shiitake Mushroom Akyo,akyo_poopake,Uncategorized,,qchan949,https://vrchat.com/home/avatar/avtr_9c63f638-d475-4c56-b1c5-3d9540cab7b4
137,,USSR Akyo,akyo_soren,Uncategorized,,qchan949,https://vrchat.com/home/avatar/avtr_527c7c86-4eab-4281-a7ff-5576b1bb0b63
138,,Jong Akyo,akyo_jon,Uncategorized,,qchan949,https://vrchat.com/home/avatar/avtr_48185046-29cf-4b04-a4a5-2288717b7e30
139,,Olaf Akyo,akyo_orf,Uncategorized,,qchan949,https://vrchat.com/home/avatar/avtr_4a34a656-b5f0-4367-890f-019196f6613a
140,,Window Akyo,akyo_window,Uncategorized,,qchan949,https://vrchat.com/home/avatar/avtr_47e6a1f1-43bf-4cf5-ac73-92139b9b6b88
141,,Cake Akyo,cake,Uncategorized,qchan949式ケーキAkyo,qchan949,https://vrchat.com/home/avatar/avtr_fdb6ca57-ebef-44fd-b0d9-22838f480f16
142,,Mandarin Orange Akyo,sau,Uncategorized,,qchan949,https://vrchat.com/home/avatar/avtr_47f9c7d9-6701-4c4b-bc34-193d9f951043
143,,Music Akyo,akyo_music_01,Uncategorized,,qchan949,https://vrchat.com/home/avatar/avtr_9aa27087-64b8-4eb1-b846-cca08f4b0678
144,,Snail Akyo,snileakyo,Uncategorized,,qchan949,https://vrchat.com/home/avatar/avtr_3b57d833-d1da-4176-87f6-fbd417093716
145,,Menses Akyo,メンシス学派,Uncategorized,,qchan949,https://vrchat.com/home/avatar/avtr_7d9ea317-7ff9-476b-b31f-930381e3aac6
146,,Venice Akyo,Venice Akyo,Uncategorized,,Kageji_jp,https://vrchat.com/home/avatar/avtr_5ff63b39-3991-419a-a5ee-285c328a0771
147,,Nu Akyo,νAkyo,Uncategorized,,Kurosuke28,https://vrchat.com/home/avatar/avtr_db8ff398-41a6-41df-9dbf-17297161f801
148,,J2m3 Akyo,J2m3,Uncategorized,,Rat_San,https://vrchat.com/home/avatar/avtr_0a67b533-a60c-4ee3-8965-cd850220c76b
149,,Virtual Bayroi 4 Akyo,virtual bayroi 4,Uncategorized,,Rat_San,https://vrchat.com/home/avatar/avtr_3cf69c07-bf31-434d-b99c-6deeb52f2854
150,,Hinyo Akyo,Hinyo,Uncategorized,,Kageji_jp,https://vrchat.com/home/avatar/avtr_d03b5e80-a5a0-4540-9235-eb4f2d6fac06
151,,Cow Akyo,Akyo Cow 256,Uncategorized,海外の方が作られたうしAkyo,Dithuzad,https://vrchat.com/home/avatar/avtr_4df81f11-643b-43e9-abd8-c15aa109a37a
152,,Poncho Akyo,akyo___________雨,Uncategorized,初期は_が長い,ささのき,https://vrchat.com/home/avatar/avtr_ea0397b8-c8e1-4c9a-a1e7-c5ca48c090de
153,,Halloween Akyo,akyo__________コスプレ,Uncategorized,,ささのき,https://vrchat.com/home/avatar/avtr_9c73ed86-4a38-444e-b322-a6e02bca900c
154,,Construction Akyo,akyo____安全,"Mint Chocolate,Occupation・Family background",,ささのき,https://vrchat.com/home/avatar/avtr_cc69727b-9d2b-4e74-b874-3235df98c67f
155,,Towel Akyo,akyo____タオル,Uncategorized,,ささのき,https://vrchat.com/home/avatar/avtr_969d3c87-669c-475a-8721-41e691ec6aef
156,,Aloha Akyo,akyo____アロハ,Uncategorized,,ささのき,https://vrchat.com/home/avatar/avtr_f618b1bc-8093-472a-873c-a3370f6bcab4
157,,Reindeer Akyo,akyo___トナカイ,Uncategorized,,ささのき,https://vrchat.com/home/avatar/avtr_3296e664-26b9-430f-b63a-1229f212997d
158,,Santa Akyo,akyo___サンタ,Uncategorized,,ささのき,https://vrchat.com/home/avatar/avtr_fc36d46b-05bf-495d-b946-cbf61119bfa2
159,,Fox Akyo,akyo__fox,Fox,,ささのき,https://vrchat.com/home/avatar/avtr_fc558b6d-0f92-4288-a712-13c6b2e95de9
160,,Ermine Akyo,akyo__fox2,Uncategorized,なぜかfox2,ささのき,https://vrchat.com/home/avatar/avtr_4413eeb4-2b37-43f7-b3c4-0b4ff781f8c2
161,,Fox Akyo 2,akyo__fox3,Fox,,ささのき,https://vrchat.com/home/avatar/avtr_61185638-323e-42c9-9048-a5d4d9f1281f
162,,Sushi Akyo,akyo__すし,Uncategorized,初代すしAkyo,ささのき,https://vrchat.com/home/avatar/avtr_eb6e1511-0bf0-4c51-9e66-f4b8c5914bff
163,,Bear Akyo,akyo__くま,Uncategorized,,ささのき,https://vrchat.com/home/avatar/avtr_a9218753-7c1f-4f7a-bf87-ea2f518a061c
164,,Bear Akyo 2,akyo__くま２,Uncategorized,この色は‥,ささのき,https://vrchat.com/home/avatar/avtr_7a72f910-f0a8-489a-ad70-e6c7eb03dc25
165,,Kagami Mochi Akyo,akyo__もち,Uncategorized,,ささのき,https://vrchat.com/home/avatar/avtr_f2a1886a-4a24-4d55-ba0f-af69f877728f
166,,Mouse Akyo,akyo__rat,Uncategorized,,ささのき,https://vrchat.com/home/avatar/avtr_d906beb7-8fae-4c30-9202-c9134256314f
167,,Eggplant Akyo,akyo__ナス,Uncategorized,,ささのき,https://vrchat.com/home/avatar/avtr_959c288a-5018-4557-af3a-d2ba4ead41d5
168,,Mikan-chan Akyo,akyo__mikan,Uncategorized,,ささのき,https://vrchat.com/home/avatar/avtr_b81c93d2-5dc5-4bdb-8cc5-167cacbac88f
169,,Dragon Akyo,akyo_どらごん 1․52,"Loong・Dragon,Fictitious,Animal,Flying",,ささのき,https://vrchat.com/home/avatar/avtr_a197978a-19f3-4282-95f9-884320ef57c7
170,,Demon Akyo,skyo__oni,Uncategorized,skyoなのはミス？,ささのき,https://vrchat.com/home/avatar/avtr_677186b1-0a7c-4885-9d5a-200e03ec16f6
171,,Half Akyo,akyo_half,Uncategorized,,ささのき,https://vrchat.com/home/avatar/avtr_5676c82c-13b3-489f-8b2b-24064e689b9a
172,,Kappa Akyo,akyo_kappa,Uncategorized,会えたらラッキー,ささのき,https://vrchat.com/home/avatar/avtr_21c11fa6-1ecd-49c8-95f0-c1d8719f6d77
173,,Raccoon Dog Akyo,akyo_tanuki,Uncategorized,,ささのき,https://vrchat.com/home/avatar/avtr_0d78a816-74ea-4255-a886-1fe78bd578f9
174,,Burger Akyo,akyoバーガー,Uncategorized,,ささのき,https://vrchat.com/home/avatar/avtr_09ba015d-8a4a-4052-a3bb-27338b404eba
175,,Chikuwa Akyo,akyo_ちくわ,Uncategorized,内側が気になる,ささのき,https://vrchat.com/home/avatar/avtr_ca614f53-b7cc-47f1-b10d-577e150fdbd3
176,,Nurse Akyo,akyo_ナース,Uncategorized,,ささのき,https://vrchat.com/home/avatar/avtr_90058d68-5c07-4632-a4e0-ee53b0344a55
177,,Muffler Akyo,akyo_マフラー,Uncategorized,,ささのき,https://vrchat.com/home/avatar/avtr_b0dd2e0a-012c-4867-99c8-22a7e4b0ee79
178,,Penguin Akyo,akyo_ペンギン,Uncategorized,,ささのき,https://vrchat.com/home/avatar/avtr_8cf07106-3ca2-4e95-9997-ca9351395ebc
179,,Shark Akyo,akyo_shark,Uncategorized,初代サメAkyo,ささのき,https://vrchat.com/home/avatar/avtr_e45b5e92-5491-4a9b-b273-9a57d31b17c7
180,,Rabbit Akyo,akyo_うさぎ,Uncategorized,,ささのき,https://vrchat.com/home/avatar/avtr_94a9cb60-c2b8-4b11-a790-d45347085cdc
181,,Dandelion Akyo,akyo_たんぽぽ,Uncategorized,,ささのき,https://vrchat.com/home/avatar/avtr_f3908ea2-fa83-44e9-b119-24575474b27e
182,,Sister Akyo,akyo_シスター,Uncategorized,,ささのき,https://vrchat.com/home/avatar/avtr_3b3feea7-e6ec-414b-b4b3-83152f02954a
183,,Fox Sister Akyo,akyo_狐シスター,Uncategorized,,ささのき,https://vrchat.com/home/avatar/avtr_475416d0-6e42-402b-b5e0-129cc8d8a071
184,,Postal Akyo,akyo_郵便,Uncategorized,,ささのき,https://vrchat.com/home/avatar/avtr_cd62208e-db35-4573-9454-c5b18d9392a5
185,,Pudding Akyo,akyo_プリン,Uncategorized,,ささのき,https://vrchat.com/home/avatar/avtr_46df5292-f719-4f01-be76-516650891c1e
186,,Japanese Radish Akyo,akyo_だいこん,Uncategorized,,ささのき,https://vrchat.com/home/avatar/avtr_1c1e05e3-8a9d-40d6-a606-e6d86b0b7931
187,,Cow Akyo,akyo_うし,Uncategorized,,ささのき,https://vrchat.com/home/avatar/avtr_0fe1984c-8c4d-457f-a58a-86fff3b8209e
188,,Coffee Akyo,akyo_coffee,"Coffee,Drink",,ささのき,https://vrchat.com/home/avatar/avtr_916dee71-17e0-438b-b474-a0ff0341c209
189,,Indian Akyo,akyo_いんでぃあん,Uncategorized,,ささのき,https://vrchat.com/home/avatar/avtr_69288b67-c532-4dba-b16d-8ed3993582c0
190,,Tropical Akyo 1,akyo_トロピカル,Uncategorized,,ささのき,https://vrchat.com/home/avatar/avtr_3332d895-c860-405f-83d2-80f3111a4929
191,,Tropical Akyo 2,akyoトロピカル２,Uncategorized,,ささのき,https://vrchat.com/home/avatar/avtr_1f25b9c8-887d-4f9b-97b9-d0713b7289fd
192,,Tropical Akyo 3,akyo_トロピカル３,Uncategorized,,ささのき,https://vrchat.com/home/avatar/avtr_fea9887c-bbf8-41b3-a8de-31565b6c749a
193,,Ninja Akyo,akyo_ninja,Uncategorized,,ささのき,https://vrchat.com/home/avatar/avtr_bfb73e94-4acf-4401-80fc-e8175486e0f6
194,,Banana Akyo,akyo_banana,Uncategorized,,ささのき,https://vrchat.com/home/avatar/avtr_a2b96174-dfc2-4125-93bd-9f153f1f6ca0
195,,Hedgehog Akyo,akyo_ハリネズミ,Uncategorized,,ささのき,https://vrchat.com/home/avatar/avtr_9d4980e3-eca6-42cf-ad9b-6e8a1d6d6271
196,,Morning Glory Akyo,akyo_asagao,Uncategorized,,ささのき,https://vrchat.com/home/avatar/avtr_4189b47b-64f8-4d5e-9d75-856d5b29e334
197,,Red Bean Rice Akyo,akyo_sekihan,Uncategorized,,ささのき,https://vrchat.com/home/avatar/avtr_8cf8decf-a8c8-4290-a983-87dc824e3e3c
198,,Bunny Akyo,akyo_バニー,Uncategorized,,ささのき,https://vrchat.com/home/avatar/avtr_99d9cfe3-5b6c-4ab6-a48f-f3ccb4c020c9
199,,Alpaca Akyo,akyo_アルパカ,Uncategorized,Mint Chocolateではない,ささのき,https://vrchat.com/home/avatar/avtr_36b0ccac-72c6-4f68-9474-4898a7355329
200,,Alpaca Akyo 2,akyo_アルパカ2,Uncategorized,,ささのき,https://vrchat.com/home/avatar/avtr_48249a7a-fbc2-4668-b1a6-9b78dc053736
201,,Tororo Akyo,akyo_TORORO,Uncategorized,トロロ‥,ささのき,https://vrchat.com/home/avatar/avtr_36624382-f918-47fb-9bdb-dc02b67df8d3
202,,Tororo Akyo 2,akyo_TORORO2,Uncategorized,腕がある,ささのき,https://vrchat.com/home/avatar/avtr_22aae6f5-3641-4d7a-b9ee-8751d584693c
203,,Yukata Akyo,akyo_yukata1,Uncategorized,,ささのき,https://vrchat.com/home/avatar/avtr_e2ccce43-1bb6-4962-be94-bf341e6df024
204,,Fall Akyo,akyo_fall,Uncategorized,,ささのき,https://vrchat.com/home/avatar/avtr_e53958d7-1a6a-4ad6-918f-de3cc4935bb9
205,,Chick Akyo,akyo_hiyoko,Uncategorized,,ささのき,https://vrchat.com/home/avatar/avtr_1215c40a-e4af-4dfe-9787-57907e610c41
206,,Seaside Akyo,akyo_sea,Uncategorized,,ささのき,https://vrchat.com/home/avatar/avtr_90e8e6ec-c455-4a45-b778-89651e4baec3
207,,Foot Soldier Akyo,akyo_asigaru2,Uncategorized,asigaru1は没案,ささのき,https://vrchat.com/home/avatar/avtr_711b3c52-9f3d-479b-abdc-6c1b3f639cbd
208,,Ghost Akyo,akyo_ghost 3․0,Uncategorized,おばけシリーズの始祖,ささのき,https://vrchat.com/home/avatar/avtr_34834487-1367-4c24-baea-5e2e3fd6d5da
209,,Franken Akyo,akyo_フランケン,Uncategorized,,ささのき,https://vrchat.com/home/avatar/avtr_9c86e679-6d0e-4a64-8aec-a666c0bb3127
210,,Mummy Akyo,akyo_ミイラ,Uncategorized,,ささのき,https://vrchat.com/home/avatar/avtr_c1a939ff-b601-46ad-8041-49948e8d04f9
211,,Sweet Potato Akyo,akyo_サツマイモ,Uncategorized,,ささのき,https://vrchat.com/home/avatar/avtr_6e236506-58d9-410e-99d6-344527f6b7dd
212,,Coat Fox Akyo,akyo_coat,Fox,,ささのき,https://vrchat.com/home/avatar/avtr_20553520-5c47-41cf-9815-1c160e1a8cfd
213,,Lion Dance Akyo,akyo_sisimai,Uncategorized,わるいキッズAkyoを襲う,ささのき,https://vrchat.com/home/avatar/avtr_3f41cb57-4272-4f6a-8091-e4c5c9dfcedf
214,,Shrine Maiden Fox Akyo,akyo_miko,Fox,,ささのき,https://vrchat.com/home/avatar/avtr_a0c16e22-fb58-4040-b58b-bcce4ce9ffa1
215,,Sheep Akyo,akyo_sheep,Uncategorized,,ささのき,https://vrchat.com/home/avatar/avtr_d70abf49-48d4-47aa-ba54-018671093563
216,,Low-Poly Fox Akyo,akyo_狐ローポリ,Fox,,ささのき,https://vrchat.com/home/avatar/avtr_298de4f3-d106-4742-a795-7442cd7bd5cd
217,,Among Akyo,akyo_among,Uncategorized,,ささのき,https://vrchat.com/home/avatar/avtr_1e9aed2c-daed-4b61-a2c0-71a5f6805432
218,,Egyptian Pharaoh Akyo,akyo_ファラオ,Uncategorized,,ささのき,https://vrchat.com/home/avatar/avtr_e2e08913-bd24-4e64-9175-5eefc0d5cf32
219,,Fox Taiyaki Akyo,akyo_taiyaki,Fox,,ささのき,https://vrchat.com/home/avatar/avtr_ceeb309c-1a40-4428-b40a-b2db5c5c926c
220,,Dog Akyo,akyo_dog,Uncategorized,,ささのき,https://vrchat.com/home/avatar/avtr_79c61874-9523-4be9-9518-84a00a31b685
221,,Corn Akyo,akyo_Corn,Uncategorized,,ささのき,https://vrchat.com/home/avatar/avtr_18a4a48c-eb45-4023-bc8c-c9f708f5997e
222,,Pirate Akyo,akyo_kaizoku,Uncategorized,,ささのき,https://vrchat.com/home/avatar/avtr_f02535d3-5b8a-4589-a468-a129f002c45b
223,,Fox Akyo V2,akyo_fox V2,Fox,,ささのき,https://vrchat.com/home/avatar/avtr_270596d5-eb6c-49f0-8e3e-547b8ad5dfad
224,,Carrot Akyo,akyo_にんじん,Uncategorized,,ささのき,https://vrchat.com/home/avatar/avtr_0375af58-540b-4fe5-bfab-6d7b5212350b
225,,Cleaning Akyo,akyo___おそうじ 0․303,Uncategorized,,ささのき,https://vrchat.com/home/avatar/avtr_4aa294f8-df3e-447b-b5d1-9753663a69e3
226,,Tiger Akyo,akyo_tora,Uncategorized,,ささのき,https://vrchat.com/home/avatar/avtr_ac962bce-4567-4cbd-b25c-be16058a19cd
227,,Furisode Fox Akyo,きつねkyo_振袖,Fox,Aがない,ささのき,https://vrchat.com/home/avatar/avtr_0d6f6089-2fda-4125-86ce-30d53ac2e548
228,,Nine-Tailed Fox Akyo,akyo_fox9 1․55,Fox,浴衣も着ている,ささのき,https://vrchat.com/home/avatar/avtr_347af16a-3802-4214-846c-f027276410df
229,,Fried Akyo,akyo_Fried 1․4,Uncategorized,えびフライ？,ささのき,https://vrchat.com/home/avatar/avtr_43a755ef-8725-43bd-81c8-9c60b817cf0f
230,,Maid Fox Akyo,akyo___メイド 1․74,Fox,,ささのき,https://vrchat.com/home/avatar/avtr_b6d06215-a01a-44f7-abfe-f9ef5d57b1db
231,,Shaved Ice Akyo,akyo_かき氷 1․061,Uncategorized,色変更可能,ささのき,https://vrchat.com/home/avatar/avtr_6fa94c58-2222-4f99-8fa1-b10790a8da27
232,,Infantry Akyo,akyo__歩兵,Uncategorized,緑はMint Chocolate？,ささのき,https://vrchat.com/home/avatar/avtr_44db453a-6048-4c21-b993-4dd3717bfc1d
233,,Glasses Akyo,akyo__papipo 1․01,Uncategorized,元ネタがある？,ささのき,https://vrchat.com/home/avatar/avtr_f68c924d-b93d-4d59-ba31-5d12abfe5a0f
234,,Chinese Cabbage Akyo,akyo_hakusai 1․03,Uncategorized,,ささのき,https://vrchat.com/home/avatar/avtr_c293ac43-7343-4c37-a7a2-f36a6e3c3c9e
235,,Bamboo Shoot Akyo,akyo_たけのこ,Uncategorized,,ささのき,https://vrchat.com/home/avatar/avtr_6ecd7341-b642-4ae7-bc6e-90641ae1c48e
236,,Pizza Akyo,akyo__pizza,Uncategorized,,ささのき,https://vrchat.com/home/avatar/avtr_4fd7301c-e773-4b61-b8be-d8b9bbff2c8b
237,,Dracula Akyo,akyo__Helloween,Uncategorized,,ささのき,https://vrchat.com/home/avatar/avtr_839891c0-f3a2-4338-b071-a25a423d2567
238,,Ghost Fox Akyo,ローポリきつねyu-rei,Fox,生死不明、要確認,ささのき,https://vrchat.com/home/avatar/avtr_bd6c9d1b-c6da-4d2a-9ebc-ce4453c94dd5
239,,Idol Fox Akyo,akyo きつねidol,Fox,,ささのき,https://vrchat.com/home/avatar/avtr_f9bb0395-8436-4dd9-b753-1d3555ebf798
240,,Baked Sweet Potato Akyo,akyo_yakiimo,Uncategorized,,ささのき,https://vrchat.com/home/avatar/avtr_8af73583-7ef5-418f-b283-2f904168be1d
241,,Chair Akyo,akyo_isu,Uncategorized,キッズAkyo！？,ささのき,https://vrchat.com/home/avatar/avtr_c1407fbf-592f-4ef7-b332-df0b88761f3e
242,,Traveling Fox Akyo / Poncho Fox Akyo,fox pontyo 0․4,Uncategorized,,ささのき,https://vrchat.com/home/avatar/avtr_b32ab8eb-a15b-416f-ae7b-2ee4a1b5b9a7
243,,Cat Akyo,akyo_cat 1․07,Uncategorized,,ささのき,https://vrchat.com/home/avatar/avtr_c875e748-aa41-43b7-bc72-b4f2744c460c
244,,Husky Akyo,akyo_husky,Uncategorized,いぬAkyoに分類していいか要確認,ささのき,https://vrchat.com/home/avatar/avtr_889f3ebc-bd9d-4cff-bdee-1ceea7fe2485
245,,Sweet Red Bean Soup Akyo,akyo_osiruko,Uncategorized,,ささのき,https://vrchat.com/home/avatar/avtr_83f28034-4486-424e-8b6a-e57d6881596f
246,,Fox Udon Akyo,akyo_fox_udon,Fox,,ささのき,https://vrchat.com/home/avatar/avtr_34e805c0-2030-4fba-b60b-5225fa62c893
247,,Cherry Blossom Fox Akyo,akyo fox sakura,Fox,,ささのき,https://vrchat.com/home/avatar/avtr_44f31d4e-bb9e-4979-9034-9fe48c6474ad
248,,Summer Fox Akyo,akyo fox summer,Fox,,ささのき,https://vrchat.com/home/avatar/avtr_b75e7aea-f210-4a94-85be-6ee2a23d4c94
249,,Cabbage Akyo,akyo_kyabetu,Uncategorized,,ささのき,https://vrchat.com/home/avatar/avtr_3e671ca8-dcb1-49ed-97ad-5e60e03397bd
250,,Watermelon Akyo,akyo_スイカ,Uncategorized,,ささのき,https://vrchat.com/home/avatar/avtr_3f5597aa-0b86-4280-b5e1-c109b2ced0b7
251,,HorseAkyo,akyo_uma,Uncategorized,,ささのき,https://vrchat.com/home/avatar/avtr_2134f6da-1d71-4c56-9061-3a3f9d9f445e
252,,Hot Dog Akyo,akyo_hotdog,Uncategorized,,ささのき,https://vrchat.com/home/avatar/avtr_0f8b848e-5ade-4e1b-8e3f-ac6de38fa6c2
253,,Construction Site Cat Akyo,akyo_ねこG,Uncategorized,,ささのき,https://vrchat.com/home/avatar/avtr_f7a7832b-a037-4d97-9b99-713a680366b5
254,,Chili Pepper Akyo,akyo_tougarasi,Uncategorized,,ささのき,https://vrchat.com/home/avatar/avtr_1c6cba9c-259a-4d28-84d2-c3aec1a22cff
255,,Triceratops Akyo,akyo_トリケラ,"Dinosaur,Animal",,ささのき,https://vrchat.com/home/avatar/avtr_ca7aed34-d6f0-42d1-bd93-bf97447e3c06
256,,Stegosaurus Akyo,akyo_sutego,"Dinosaur,Animal",,ささのき,https://vrchat.com/home/avatar/avtr_a1b7da99-1ac6-4374-9d2f-40d896dd8722
257,,Pteranodon Akyo,akyo_putera,"Dinosaur,Animal",,ささのき,https://vrchat.com/home/avatar/avtr_b8ac1e0d-54b4-4bac-9070-3a3cecd9b8d2
258,,Hot Fox Akyo,akyo_hotfox,Fox,,ささのき,https://vrchat.com/home/avatar/avtr_cbbfe341-412e-46ee-ae10-8f0e36bfba41
259,,T-Rex Akyo,akyo_ティラノ,"Dinosaur,Animal",,ささのき,https://vrchat.com/home/avatar/avtr_f0c70f5a-be7a-4d0a-a5ae-7f59e09e7e0e
260,,Panda Akyo,akyo_panda,Uncategorized,,ささのき,https://vrchat.com/home/avatar/avtr_8c04b666-3c8d-47c4-af8f-3d687f0ab4a8
261,,Pineapple Akyo,akyo_pain,Uncategorized,,ささのき,https://vrchat.com/home/avatar/avtr_8a91dedb-a60e-43b4-b319-114b880a1ac9
262,,Snake Akyo,akyo_hebi,Uncategorized,,ささのき,https://vrchat.com/home/avatar/avtr_9053fd92-d3f7-4182-ab55-f0d09d61c959
263,,Paper Akyo,akyo_paper,Uncategorized,,ささのき,https://vrchat.com/home/avatar/avtr_f2ad9aca-efab-4ea1-a4f3-f34ef46bfa12
264,,Sleepwear Cat Akyo,akyo_fox nemaki,Fox,,ささのき,https://vrchat.com/home/avatar/avtr_6a9e2984-e3a7-4426-b92b-e1c448606b17
265,,Pancake Akyo,akyo_hotcake,Uncategorized,,ささのき,https://vrchat.com/home/avatar/avtr_ffc9372b-9cce-4091-ac7f-a2cb4ce4f88a
266,,Rice DumplingAkyo,akyo_siratama,Uncategorized,,ささのき,https://vrchat.com/home/avatar/avtr_6759971b-6684-4d9d-92a8-ab5a0fb5cd95
267,,Pon de Ring Akyo,akyo_ponde,Uncategorized,ポンデの部分は食べられるとのこと,ささのき,https://vrchat.com/home/avatar/avtr_2e8b058d-2b4b-47c7-bd7b-7088cb5435aa
268,,Yokan Akyo,akyo_youkan,Uncategorized,,ささのき,https://vrchat.com/home/avatar/avtr_2799de37-6347-493f-9bef-27e967a45f5c
269,,Sleepwear Cat Akyo,akyo_neko nemaki,Uncategorized,,ささのき,https://vrchat.com/home/avatar/avtr_241fca99-5913-43a4-a6b8-3a10bc3032cf
270,,Castella Akyo,akyo_kasutera,Uncategorized,,ささのき,https://vrchat.com/home/avatar/avtr_5796cdd8-2824-4dea-89e5-50172e7a1cd0
271,,Takoyaki Akyo,akyo_takosan,Uncategorized,,ささのき,https://vrchat.com/home/avatar/avtr_afaee0d9-533e-4c9a-82f7-48e630981436
272,,Mayonnaise Akyo,akyo_mayo,Uncategorized,,ささのき,https://vrchat.com/home/avatar/avtr_f9b08bbe-8e8e-41fd-9534-7f03034d7c21
273,,Gyoza Akyo,akyo_ギョーザ,Uncategorized,,ささのき,https://vrchat.com/home/avatar/avtr_77714ec2-1569-40d8-be0c-235b51c1f6b1
274,,Cup Ice Cream Akyo,akyo_cup ice,Uncategorized,,ささのき,https://vrchat.com/home/avatar/avtr_ab3e1fd3-aa53-494b-b4aa-029d5e92eb91
275,,Ramen Akyo,akyo_ramen,Uncategorized,カップヌードルAkyo？,ささのき,https://vrchat.com/home/avatar/avtr_ed372625-8a2f-434d-a1b3-bf79322e74a6
276,,Battery Akyo,akyo_battery,Uncategorized,,ささのき,https://vrchat.com/home/avatar/avtr_38e5ac72-b0ca-4386-aba6-85240b34ab56
277,,Dango Akyo,akyo_dango,Uncategorized,,ささのき,https://vrchat.com/home/avatar/avtr_9fcb7d2b-037e-4985-b6da-5fb40f9a5c20
278,,Letter Pack Akyo,akyo_Lpack,Uncategorized,レターパックAkyo？,ささのき,https://vrchat.com/home/avatar/avtr_2434121e-3e7d-4595-b57d-c5bdffb56fb9
279,,French Fries Akyo,akyo_フライドポテト,Uncategorized,,ささのき,https://vrchat.com/home/avatar/avtr_292a6c71-81ca-4870-b5a4-2d22ff9b84f8
280,,Shark Akyo 2,akyo サメ 1․5,Uncategorized,,ささのき,https://vrchat.com/home/avatar/avtr_c27190af-0f6f-4027-8115-4b6387b5b363
281,,Seal Akyo,akyo_あざらし,Uncategorized,,ささのき,https://vrchat.com/home/avatar/avtr_2de21ec9-a274-4341-af85-ef277b5de543
282,,Kid Akyo,akyo_kids,Uncategorized,Akyoも青かった,ささのき,https://vrchat.com/home/avatar/avtr_372cb668-9809-4dac-91ec-2d1c500a19a1
283,,Natto Akyo,akyo_nattou,Uncategorized,,ささのき,https://vrchat.com/home/avatar/avtr_31aab10f-628a-4a16-b1c6-c7b3ffcb97d7
284,,Jellyfish Akyo,akyo_kurage,Uncategorized,深海からのメッセージ,ささのき,https://vrchat.com/home/avatar/avtr_d448a9fb-e941-4c35-b61b-846bd4aeb5ed
285,,Eraser Akyo,akyo_kesigomu,Uncategorized,,ささのき,https://vrchat.com/home/avatar/avtr_5c5210ce-ba4a-495b-a620-f843847a61d9
286,,Jiangshi Akyo,akyo_キョンシー,Uncategorized,,ささのき,https://vrchat.com/home/avatar/avtr_99abe0dd-2e1f-424a-bd8c-84f93c0294bf
287,,Shampoo Akyo,akyo_シャンプー,Uncategorized,,ささのき,https://vrchat.com/home/avatar/avtr_c41de7a4-73f5-49bd-bc9b-7318aea4a628
288,,Brachiosaurus Akyo,akyo_ブラキオ,"Dinosaur,Animal",,ささのき,https://vrchat.com/home/avatar/avtr_6928d36e-778f-492e-b6f8-bd257734b4da
289,,Koinobori Akyo,akyo_こいのぼり,Uncategorized,,ささのき,https://vrchat.com/home/avatar/avtr_ea2ed319-cb2d-4501-8577-a1ca0b256e7d
290,,Kashiwa Mochi Akyo,akyo_かしわもち,Uncategorized,,ささのき,https://vrchat.com/home/avatar/avtr_757a5fdc-57ae-41f5-9454-b1ab014ac0b1
291,,Plesiosaurus Akyo,akyo_プレシオ,"Dinosaur,Animal",,ささのき,https://vrchat.com/home/avatar/avtr_f24f0b20-f2b0-473f-b740-251916488e6c
292,,Teru Teru Bozu Akyo,akyo_teruteru,Uncategorized,,ささのき,https://vrchat.com/home/avatar/avtr_cf8979e0-2d07-4ead-842b-dc365a4bfd9e
293,,Paper Lantern Akyo,akyo_tyoutin,Uncategorized,,ささのき,https://vrchat.com/home/avatar/avtr_759551f7-91be-42c0-b129-1cf046076d21
294,,Wild Boar Akyo,akyo_いのしし,Uncategorized,,ささのき,https://vrchat.com/home/avatar/avtr_96eb5ab1-9b0d-4433-becc-deb417cfff31
295,,Sunflower Akyo,akyo_himawari,Uncategorized,,ささのき,https://vrchat.com/home/avatar/avtr_fec77d90-2cf2-489f-bcf0-bf801cf3a8e6
296,,Toast Fox Akyo,akyo_きつねトースト,Fox,,ささのき,https://vrchat.com/home/avatar/avtr_e7f025f3-5e4d-4600-80e1-6ce8739fd929
297,,Kangaroo Akyo,akyo_カンガルー,Uncategorized,,ささのき,https://vrchat.com/home/avatar/avtr_797159a0-3df0-43ef-aa61-345f0f5af3cc
298,,Village Akyo,akyo_house,"Mint Chocolate,Building",,ささのき,https://vrchat.com/home/avatar/avtr_266ced26-847a-4ad5-90f5-8cfbd16a68d2
299,,Rabbit Akyo 2,akyo_usagi2,Uncategorized,色が変わり服を着た,ささのき,https://vrchat.com/home/avatar/avtr_31a1d088-6023-4482-ab21-601aa4ec04b4
300,,Adventure Fox Akyo,akyo_きつねぼうけん,Fox,,ささのき,https://vrchat.com/home/avatar/avtr_da2e8f1e-fc9f-4868-9c01-43cc61b3d3b7
301,,Chef Fox Akyo,akyo_コックさん,Uncategorized,,ささのき,https://vrchat.com/home/avatar/avtr_a5b5fb92-581d-45c8-98ab-4b8abf668aa9
302,,Police Fox Akyo,akyo_foxKeikan 1․3,Uncategorized,きみ、たいほ。,ささのき,https://vrchat.com/home/avatar/avtr_ef434fa8-5f77-4a1d-beaa-fbfc10e506ec
303,,Kiwi Akyo,akyo_キーウイ,Uncategorized,,ささのき,https://vrchat.com/home/avatar/avtr_5856dde7-2961-47af-8fa7-2ad9b70a9864
304,,Molting Fox Akyo,akyo_きつね換毛期,Fox,,ささのき,https://vrchat.com/home/avatar/avtr_9efb2906-0d31-4797-b751-84444db99249
305,,Pudding Ice Akyo,akyo_プリンアイス,Uncategorized,,ささのき,https://vrchat.com/home/avatar/avtr_93ba7736-5dfb-4e78-a4ac-ebd5acfde622
306,,Space Fox Akyo,akyo_fox space 1․07,Uncategorized,,ささのき,https://vrchat.com/home/avatar/avtr_8b3112b5-a594-46d3-a5da-74c3be8b8ba0
307,,Sparrow Akyo,akyo_すずめ,Uncategorized,,ささのき,https://vrchat.com/home/avatar/avtr_55c87e14-ca61-41a9-a154-5e84a84c4fe7
308,,Firefighter Fox Akyo,akyo_fox syoubou 0․4,Uncategorized,,ささのき,https://vrchat.com/home/avatar/avtr_4fc01e6a-ae87-4ea9-8a17-34160c89b36f
309,,Shrimp Tempura Akyo,akyo_sakaban 0․7,Uncategorized,フライになる機能付き,ささのき,https://vrchat.com/home/avatar/avtr_a52dad23-d668-487a-8516-f1ec3c121f4e
310,,Warabi Mochi Akyo,akyo_warabimoti,Uncategorized,,ささのき,https://vrchat.com/home/avatar/avtr_bfcf08b0-083b-46df-b75d-89bae31afaac
311,,Hydrangea Akyo,akyo_azisai,Uncategorized,,ささのき,https://vrchat.com/home/avatar/avtr_1429d98b-119a-4595-9109-4bab7d76fe1a
312,,Broccoli Akyo,akyo_ブロッコリー,Uncategorized,,ささのき,https://vrchat.com/home/avatar/avtr_9a1651c9-a5d4-415d-8999-cdc739b6e67a
313,,Doctor Fox Akyo,akyo_きつねいしゃ,Fox,,ささのき,https://vrchat.com/home/avatar/avtr_19b1c941-7da8-42f8-af18-25c8689dbb58
314,,British Fox Akyo,akyo_きつね英国,Fox,,ささのき,https://vrchat.com/home/avatar/avtr_a26d5f16-e51c-4b7d-8f7b-55bea29ee79c
315,,Blackboard Eraser Akyo,akyo_こくばんけし,Uncategorized,,ささのき,https://vrchat.com/home/avatar/avtr_fc88a823-31b6-4588-809a-6ea54ab9bcd1
316,,Sushi Akyo 2,akyo_sushi,Uncategorized,,ささのき,https://vrchat.com/home/avatar/avtr_6a72ccc7-e744-4dc5-bbff-e20a5b71d4a2
317,,Omurice Akyo,akyo_オムライス,Uncategorized,,ささのき,https://vrchat.com/home/avatar/avtr_e71ffddd-7596-4820-b1ec-fb8102bda49d
318,,Elephant Akyo,akyo_ぞう,Uncategorized,,ささのき,https://vrchat.com/home/avatar/avtr_ef619ead-45bc-4512-8b51-2ff383572dc2
319,,High School Girl Fox Akyo,akyo_きつねjk,Fox,,ささのき,https://vrchat.com/home/avatar/avtr_5ea6b4af-790c-44d3-a37b-638fc9d3cd01
320,,High School Cheerleader Fox Akyo,akyo_チアきつね,Fox,,ささのき,https://vrchat.com/home/avatar/avtr_bc3582f6-8e84-4ad8-9baf-6433f041ab61
321,,Green Onion Akyo,akyo_ねぎ,Uncategorized,,ささのき,https://vrchat.com/home/avatar/avtr_7d7aac06-8096-44c7-adf5-aa94746cac26
322,,Tanuki Soba Akyo,akyo_たぬきそば,Uncategorized,,ささのき,https://vrchat.com/home/avatar/avtr_0cd6e7dd-a273-4354-bf24-f15d8b4d096c
323,,Unagi Don Akyo,akyo_うな重,Uncategorized,,ささのき,https://vrchat.com/home/avatar/avtr_9ad75bb4-a7e3-49b1-8b80-6ed222407ecf
324,,Watermelon Popsicle Akyo,akyo_スイカアイス,Uncategorized,,ささのき,https://vrchat.com/home/avatar/avtr_79bb8ae6-e2ea-4615-a0eb-7eff41916552
325,,Red Panda Akyo,akyo_レッサーパンダ,Uncategorized,,ささのき,https://vrchat.com/home/avatar/avtr_f65fb56f-de07-4e04-b0bb-ae9da323e466
326,,Red Panda Akyo 2,akyo_レッサパンダ2,Uncategorized,,ささのき,https://vrchat.com/home/avatar/avtr_36a6887b-b0db-4cf8-8bd4-a41452a850b5
327,,Welder Akyo,akyo_yousetu,Mint Chocolate,,ささのき,https://vrchat.com/home/avatar/avtr_ce418f6b-3cef-449d-a26f-dfa30b4b869c
328,,Wyvern Akyo,akyo_わいばーん 0․9,"Loong・Dragon,Fictitious,Animal,Flying",,ささのき,https://vrchat.com/home/avatar/avtr_609ce6a5-44c6-4086-8598-5409e8355283
329,,Winter Fox Akyo,akyo_きつね冬,Fox,,ささのき,https://vrchat.com/home/avatar/avtr_560fbf6f-fde6-49b6-be9c-df2c498468e0
330,,Fruit Fox Akyo,akyo_fox fruits,Fox,,ささのき,https://vrchat.com/home/avatar/avtr_6b4cd56e-dbc2-4be1-bcd5-4f80cbd49fd2
331,,Jizo Akyo,akyo_ozizou,Uncategorized,,ささのき,https://vrchat.com/home/avatar/avtr_ece4276d-b611-428d-b51e-d7b5fb193348
332,,Samurai Akyo,akyo_samurai,Uncategorized,,ささのき,https://vrchat.com/home/avatar/avtr_1b457017-3fd0-4fd7-bb8e-172f35487c34
333,,Fox Samurai Akyo,akyo_きつね侍,Fox,,ささのき,https://vrchat.com/home/avatar/avtr_32c0de34-9e10-4537-85fb-97aa19c20a15
334,,Detective Fox Akyo,akyo_fox探偵,Fox,,ささのき,https://vrchat.com/home/avatar/avtr_41736927-28e7-4914-8b5c-6155c04291b4
335,,Cake Akyo,akyo_cake,Uncategorized,ささのき式ケーキAkyo,ささのき,https://vrchat.com/home/avatar/avtr_bfcf1ebe-f12d-4a41-8a25-d5964e5eccb3
336,,Haniwa Akyo,akyo_haniwa,Uncategorized,,ささのき,https://vrchat.com/home/avatar/avtr_2ab8f808-f666-4974-b2f2-af7065463b09
337,,Lion Akyo,akyo_ライオン,Uncategorized,,ささのき,https://vrchat.com/home/avatar/avtr_f6e29fe2-ffe7-49b6-ae31-0b30b217888a
338,,Lon Akyo,akyo_ryuu,"Loong・Dragon,Fictitious,Animal,Flying",,ささのき,https://vrchat.com/home/avatar/avtr_4d6dc03d-98c2-4475-977a-fe1300f65be1
339,,Loyal Fox Akyo,akyo_fox okitune,Fox,,ささのき,https://vrchat.com/home/avatar/avtr_f8501fd2-c7e5-4875-9315-36c4a64abe94
340,,Cornet Akyo,akyo_コロネ,Uncategorized,,ささのき,https://vrchat.com/home/avatar/avtr_b04555c5-33d6-4915-9722-0ad018e687c1
341,,Mount Fuji Akyo,akyo_huzisan,Uncategorized,Akyoも積もれば山となる,ささのき,https://vrchat.com/home/avatar/avtr_f43b4b71-3e5c-4ef8-a71c-29171bf1ef02
342,,Lunch Fox Akyo,akyo_foxBENTOU,Fox,,ささのき,https://vrchat.com/home/avatar/avtr_a1d965d2-b004-4e98-bfd8-4bc5a292bd5b
343,,Sandwich Fox Akyo,akyo_きつねサンド,Fox,,ささのき,https://vrchat.com/home/avatar/avtr_971afb40-f6e1-4056-9365-8d01181780a9
344,,Kids Meal Akyo,akyo_お子様ランチ,Uncategorized,,ささのき,https://vrchat.com/home/avatar/avtr_4cec36a3-5fe4-4c7c-84cb-25d3deabf624
345,,Down Jacket Fox Akyo,akyo_きつねダウン,Fox,,ささのき,https://vrchat.com/home/avatar/avtr_01d23e78-5e37-45a1-adb5-1c86ef867142
346,,Magical Fox Akyo,akyo_FoxMagic,Fox,,ささのき,https://vrchat.com/home/avatar/avtr_88494bab-d2bc-43f2-ae26-e886b86d9dae
347,,Halloween Pumpkin Akyo,akyo_ハロウィンカボチャ,Uncategorized,,ささのき,https://vrchat.com/home/avatar/avtr_62d7d050-c40e-4c60-936e-6dfc4809e646
348,,Magical Dragon Akyo,akyo_DragonMagic,"Loong・Dragon,Fictitious,Animal,Flying",,ささのき,https://vrchat.com/home/avatar/avtr_96199d43-c85e-4830-967a-30280694a643
349,,Dragon Set Akyo,akyo_どらごんセット,"Loong・Dragon,Fictitious,Animal,Flying",,ささのき,https://vrchat.com/home/avatar/avtr_58d857fa-4105-4d0e-98e5-60e8fd7cafd8
350,,Detective Dragon Akyo,akyo_どらごん探偵,"Loong・Dragon,Fictitious,Animal,Flying",,ささのき,https://vrchat.com/home/avatar/avtr_5cec5888-b04c-4bad-8bf3-67c043daa73b
351,,Angel Fox Akyo,akyo engel,Fox,別作者の天使Akyoも追加予定,ささのき,https://vrchat.com/home/avatar/avtr_b600825f-8da6-462a-bb17-0e932ed01354
352,,Ezo Akyo,akyo_エゾ,Uncategorized,,ささのき,https://vrchat.com/home/avatar/avtr_b808a377-a264-4352-affc-cd7de3391c0c
353,,Coat Fox Akyo 4,akyo_foxCoat4,Fox,2と3がいないのは故意とのこと,ささのき,https://vrchat.com/home/avatar/avtr_0fc2d16c-5f9e-4cd4-8172-ce57c420e5c7
354,,Christmas Tree Akyo,akyo_ツリー,Uncategorized,正確にはクリスマスツリー,ささのき,https://vrchat.com/home/avatar/avtr_2a6304b4-1da8-4eac-8bcc-1203f5fcb574
355,,Potato Akyo,akyo_じゃがいも,Uncategorized,,ささのき,https://vrchat.com/home/avatar/avtr_a33ec4f9-43ba-4b14-95df-23db0194b420
356,,Orca Akyo,akyo_シャチ,Uncategorized,,ささのき,https://vrchat.com/home/avatar/avtr_850c89f7-3dd6-486c-a17b-f124ecbca10f
357,,Knight Dragon Akyo,akyo_どらごんないと,"Loong・Dragon,Fictitious,Animal,Flying",,ささのき,https://vrchat.com/home/avatar/avtr_eec93a2a-cc5f-4106-bd3b-35969990009b
358,,Bath Fox Akyo,akyo_foxBath,Fox,,ささのき,https://vrchat.com/home/avatar/avtr_f5ff713f-0094-45b2-97b6-90f5722308eb
359,,King Akyo,akyo_king,Uncategorized,,ささのき,https://vrchat.com/home/avatar/avtr_86a2c20a-370f-41b1-9ae8-92c37231dc6d
360,,Wedding Dragon Akyo,akyo_どらごん振袖,"Loong・Dragon,Fictitious,Animal,Flying",,ささのき,https://vrchat.com/home/avatar/avtr_a0458f77-35e9-4656-aaa5-ff622d81c619
361,,Daruma Akyo,akyo_daruma,Uncategorized,,ささのき,https://vrchat.com/home/avatar/avtr_bac120a2-3c1d-427e-9ce7-3a8ab9169074
362,,Tomato Akyo,akyo_とまと,Uncategorized,,ささのき,https://vrchat.com/home/avatar/avtr_33d15ffc-c1f3-4402-8c45-cb19bb7af8bf
363,,Squirrel Akyo,akyo_リス,Uncategorized,,ささのき,https://vrchat.com/home/avatar/avtr_969326d6-0d4a-450e-bf56-5ed11f7f192b
364,,Melon Soda Akyo,akyo_メロンソーダ 1․1,Uncategorized,,ささのき,https://vrchat.com/home/avatar/avtr_2608eefd-fca4-4217-a7c5-ff8575f014b3
365,,Akabeko Akyo,akyo_赤べこ,Uncategorized,,ささのき,https://vrchat.com/home/avatar/avtr_98289d66-1be1-455f-a24f-9e22bd1f8237
366,,Fox Wedding Akyo,akyo_きつねの嫁入り,Fox,,ささのき,https://vrchat.com/home/avatar/avtr_b11f07af-9755-4405-87dc-8297e1716db8
367,,Melon Akyo,akyo_メロンソーダ 1․1,Uncategorized,,ささのき,https://vrchat.com/home/avatar/avtr_994180ef-3faf-4f77-8723-8376c58849ec
368,,Wedding Groom Akyo,akyo_狐の嫁入り2,Uncategorized,,ささのき,https://vrchat.com/home/avatar/avtr_08f05b3b-fd93-4dd4-83f5-4fbb6792dd6e
369,,Wedding Attendant Fox Akyo,akyo_きつね つきそい,Fox,,ささのき,https://vrchat.com/home/avatar/avtr_4854b039-8a6c-48be-b035-e95f59af6a85
370,,Chocolate Akyo,akyo_choco,Uncategorized,バレンタインにはこれ,ささのき,https://vrchat.com/home/avatar/avtr_7b6b928e-fc29-42a8-b587-401346879d98
371,,Banana Akyo 2,akyo_バナナ,Uncategorized,,ささのき,https://vrchat.com/home/avatar/avtr_013beb78-85e2-4092-b553-475b362a469e
372,,Green Tea Akyo,akyo_緑茶,Uncategorized,,ささのき,https://vrchat.com/home/avatar/avtr_d8f5d5c1-b2ca-4b2b-8d2d-824d4ecdda99
373,,Loader Akyo,akyo_ローダー,Uncategorized,,ささのき,https://vrchat.com/home/avatar/avtr_21924bf1-925d-4940-a687-9d25c8377f89
374,,Giraffe Akyo,akyo_キリン,Uncategorized,,ささのき,https://vrchat.com/home/avatar/avtr_929c267d-e891-4bae-bbb1-bf44b5e98575
375,,Loader Akyo 2/Loader Fox Akyo,akyo_ローダー2,Fox,,ささのき,https://vrchat.com/home/avatar/avtr_fcfb1c55-baf9-45ec-a14e-0e8a224e6ffd
376,,Tenmusu Akyo,akyo_天むす,Uncategorized,,ささのき,https://vrchat.com/home/avatar/avtr_b8f4f44d-b2c5-408d-9ff8-5ad3de86e27d
377,,Hamster Akyo,akyo_ハムスター,Uncategorized,,ささのき,https://vrchat.com/home/avatar/avtr_59de2a1d-7dea-4a43-b708-2694656301a5
378,,Scarf Fox Akyo,akyo_きつねスカーフ,Fox,,ささのき,https://vrchat.com/home/avatar/avtr_88033f7b-5f8b-45bf-9656-db61a83464d9
379,,Toast Fox Akyo 2,akyo_foxトースト2,Fox,一体化に失敗した,ささのき,https://vrchat.com/home/avatar/avtr_463a9a9d-9ae3-4667-b209-914ba2586051
380,,Squid Akyo,akyo_イカ,Uncategorized,,ささのき,https://vrchat.com/home/avatar/avtr_85a8a267-780b-4708-bf51-8d13b9923eb0
381,,Whale Akyo,akyo_くじら,Uncategorized,,ささのき,https://vrchat.com/home/avatar/avtr_3b8d1b4f-fc7a-4c4c-bb32-b30c493bc8fd
382,,Frog Akyo,akyo_カエル,Uncategorized,,ささのき,https://vrchat.com/home/avatar/avtr_8e63eb3e-fb9b-43e1-a8cc-78f06b7831fb
383,,Japanese Maid Fox Akyo,akyo_きつね和メイド,Fox,,ささのき,https://vrchat.com/home/avatar/avtr_2ebe0457-ed55-4618-96d4-dfde88bee666
384,,Ermine Akyo 3.0,akyo_オコジョ3․0,Uncategorized,Avatar3.0化の意,ささのき,https://vrchat.com/home/avatar/avtr_5cf13dab-95d0-42e3-a4c1-c3adc7840e97
385,,Bread Loaf Akyo,akyo_to-st,Uncategorized,完全に一体化,ささのき,https://vrchat.com/home/avatar/avtr_cc9c4a26-4463-4b31-b885-543b6174418c
386,,Bread Loaf Fox Akyo,akyo_to-st fox,Fox,同上,ささのき,https://vrchat.com/home/avatar/avtr_b950ae46-6ba0-4830-b55a-77957f468a1d
387,,Light Bulb Akyo,akyo_電球,Uncategorized,,ささのき,https://vrchat.com/home/avatar/avtr_55f8d7d4-9bc7-4b2d-a449-4644e5228565
388,,Melon Bread Akyo,akyo_メロンパン,Uncategorized,,ささのき,https://vrchat.com/home/avatar/avtr_198d8a7d-fa52-47e7-951f-f2b9df5d2a4f
389,,Castella Akyo 2,akyo_カステラt,Uncategorized,,ささのき,https://vrchat.com/home/avatar/avtr_bd89fbba-9574-4a5f-b5ce-a7dd7f00a07e
390,,Grilled Akyo,akyo_yaki,Uncategorized,,ささのき,https://vrchat.com/home/avatar/avtr_3b64f163-7b9d-4bdc-adef-2f07bccfd77c
391,,Uncle Akyo/Akyo Oji,akyo_ozi,Uncategorized,,ささのき,https://vrchat.com/home/avatar/avtr_e21d1394-394f-4bc3-a68a-55462ec730b6
392,,Ramune Akyo,akyo_ラムネ,"Ramune,Drink",,ささのき,https://vrchat.com/home/avatar/avtr_c6f5dea1-b19e-460c-a358-b59a1400344e
393,,Lord Akyo,akyo_tono,Uncategorized,,ささのき,https://vrchat.com/home/avatar/avtr_c7cdd58f-01bf-4d58-83ea-205ea44093f9
394,,Submarine Akyo,akyo_せんすい,Uncategorized,,ささのき,https://vrchat.com/home/avatar/avtr_131de112-3d4a-48a7-a9d5-c3f723091a78
395,,Crow Tengu Akyo,akyo_からすてんぐ,Uncategorized,,ささのき,https://vrchat.com/home/avatar/avtr_a2f5f8e3-d59e-45e5-8076-6798a7bad99a
396,,Black Cat Akyo,akyo_kuroneko,Uncategorized,,ささのき,https://vrchat.com/home/avatar/avtr_3b6e03e4-900b-420e-a95d-25a0034ca9e1
397,,Loader Akyo 3/Loader Black Cat Akyo,akyoローダー3,Uncategorized,,ささのき,https://vrchat.com/home/avatar/avtr_5fecb105-9e64-4c7f-864b-3a4c87da0fdb
398,,Cherry Blossom Akyo,akyo_sakura,Uncategorized,,ささのき,https://vrchat.com/home/avatar/avtr_396b75f1-6f21-4718-ad07-3a34892e23f1
399,,Mask Akyo,akyo_omen,"Copyright/変な家,Parody",このAkyo、何か変？,ささのき,https://vrchat.com/home/avatar/avtr_b2fa062c-7143-4a06-9cb2-8d35c5f23d8f
400,,Sumo Wrestler Akyo,akyo_rikishi,Uncategorized,,ささのき,https://vrchat.com/home/avatar/avtr_16421321-cee6-4ae4-8546-6ce4c435a2e8
401,,Summer Akyo,akyo_なつ,Uncategorized,,ささのき,https://vrchat.com/home/avatar/avtr_8533b4bd-e817-4523-9105-b144a2eac2dc
402,,Fishing Akyo,akyo_つり,Uncategorized,,ささのき,https://vrchat.com/home/avatar/avtr_e6c065ac-bfbd-451c-bc4a-9a14a34e9055
403,,Messy Akyo,akyo_モサモサ,Uncategorized,,ささのき,https://vrchat.com/home/avatar/avtr_574728ce-c4c4-4410-a1df-4a4ae377411b
404,,Pudding Fox Akyo,akyo_きつねプリン,Fox,,ささのき,https://vrchat.com/home/avatar/avtr_0ff5143b-53f9-44a5-8b7a-ddf65574189b
405,,Mizu Manju Akyo,akyo_水まんじゅう,Uncategorized,,ささのき,https://vrchat.com/home/avatar/avtr_2a06e15b-bd19-4345-9688-3a7c248ea03d
406,,Akyoberus/Cerberus Akyo,アキョベロス,Uncategorized,,ささのき,https://vrchat.com/home/avatar/avtr_c287cc25-1e14-4312-b662-7a89c4c4358d
407,,Cafe Fox Akyo,akyo_きつねcafe,Fox,,ささのき,https://vrchat.com/home/avatar/avtr_64e71072-2049-47fb-b0df-632f5c93cb9a
408,,Artist Fox Akyo,akyo_fox art,Fox,,ささのき,https://vrchat.com/home/avatar/avtr_0af97e1a-50f2-47dd-ac0c-a9ee8236b692
409,,Swan Akyo,akyo_はくちょう,Uncategorized,,ささのき,https://vrchat.com/home/avatar/avtr_989dec92-536f-40bf-8d91-ca02f71b13e1
410,,Ground Combat Fox Akyo,陸戦型きつねakyo,Fox,,ささのき,https://vrchat.com/home/avatar/avtr_1b12a04f-19fb-441f-8c8b-beeeb3c2d14d
411,,Red Fox Akyo,赤きつねakyo 1․1,Fox,,ささのき,https://vrchat.com/home/avatar/avtr_99635a51-2477-47f8-a4ed-a828215e10db
412,,Tibetan Fox Akyo,チベスナきつねakyo,Fox,,ささのき,https://vrchat.com/home/avatar/avtr_49c314a8-1241-4842-9c2c-645e295ad0e2
413,,Wasabi Akyo,わさびakyo,Uncategorized,,ささのき,https://vrchat.com/home/avatar/avtr_1993a555-326c-4845-83e6-fb4086ab8837
414,,Bikini Fox Akyo,きつねビキニ,Fox,,ささのき,https://vrchat.com/home/avatar/avtr_a81a4356-1e8b-4aba-95bb-be3bc60f95c9
415,,Frilly Swimsuit Fox Akyo,きつねakyoフリル水着,Fox,,ささのき,https://vrchat.com/home/avatar/avtr_4a4dfa62-d23d-4ad6-8526-fb261ad1fb5d
416,,Tofu Akyo A,akyo_touhu,Uncategorized,,ささのき,https://vrchat.com/home/avatar/avtr_f3394d08-85af-4544-a4ae-a118f01e677e
417,,Tofu Akyo B,akyoBOXtouhu,Uncategorized,,ささのき,https://vrchat.com/home/avatar/avtr_fe274047-ee6d-4db5-b07c-fde241bccb16
418,,Miso Soup Akyo,akyo_‚isosiru,Uncategorized,豆腐AkyoBとのコラボ,ささのき,https://vrchat.com/home/avatar/avtr_e30c5206-bf3a-499b-a7df-dd353e1f6227
419,,Tapioca Akyo,akyo_タピオカ,Uncategorized,分類はDrink系,ささのき,https://vrchat.com/home/avatar/avtr_e4406b94-2855-4711-a77e-d362989a7b95
420,,Harvest Festival Akyo,アキョおじ収穫祭,Uncategorized,野菜Akyoオールスターズ,ささのき,https://vrchat.com/home/avatar/avtr_601ab1d3-3878-4f20-9da4-cbb803c19b48
421,,Leaf Akyo,akyo_happa,Uncategorized,,ささのき,https://vrchat.com/home/avatar/avtr_1db21a6f-f387-417d-913f-acb10278ff4f
422,,Poncho Fox Akyo,きつねポンチョ,Fox,ささのきさんの原点回帰,ささのき,https://vrchat.com/home/avatar/avtr_a290b34e-03c1-4d67-a01b-48dcd5b5c6c8
423,,Shaved Ice Fox Akyo,akyo_きつねかき氷,Fox,,ささのき,https://vrchat.com/home/avatar/avtr_32d08ec4-b351-4945-8df4-2d934a0e62a5
424,,Candy Apple Akyo,akyo_りんごあめ,Uncategorized,,ささのき,https://vrchat.com/home/avatar/avtr_bf2e07cf-b9f1-4dd6-95fd-822d7b4f0016
425,,Succubus Akyo,akyo_サキュ,Uncategorized,,ささのき,https://vrchat.com/home/avatar/avtr_aba979b9-7a75-40a7-988b-89772726edc5
426,,Inari Sushi Akyo,akyo_いなりずし,Uncategorized,すしシリーズ3体目,ささのき,https://vrchat.com/home/avatar/avtr_3916d347-d653-4e7e-8ed4-9eb4005e9cbb
427,,Grocer Green Onion Akyo,akyo_ねぎ八百屋,Uncategorized,,ささのき,https://vrchat.com/home/avatar/avtr_ad9eb708-8fcc-43bd-9011-dd2e0eab93c7
428,,Farmer Green Onion Akyo,akyo_ねぎ農家,Uncategorized,,ささのき,https://vrchat.com/home/avatar/avtr_7042dcef-edbf-4c68-b182-51d5aa0b0ee9
429,,Palm Tree Akyo,akyo_ヤシの木,Uncategorized,木シリーズ3体目,ささのき,https://vrchat.com/home/avatar/avtr_d87850c0-4479-4e88-be6f-7548e575867b
430,,Racing Fox Akyo,akyo_レーシングきつね,Fox,,ささのき,https://vrchat.com/home/avatar/avtr_e8ed7d23-ac42-442d-9607-de2875a8d7c9
431,,Station Attendant Fox Akyo,akyo_きつね駅員,Fox,,ささのき,https://vrchat.com/home/avatar/avtr_ffd524f1-ea73-4338-8d2c-2d9d75d3ae82
432,,Bunny Fox Akyo,akyo_BunnyFox,Uncategorized,,ささのき,https://vrchat.com/home/avatar/avtr_542c948a-4a80-4226-9f7b-8a7fe2c0049d
433,,Stretch Akyo,akyo_ストレッチ,Uncategorized,生涯健康、生涯Akyo,ささのき,https://vrchat.com/home/avatar/avtr_189d434f-2982-4b77-b6a2-d04aaaf62d05
434,,Red Riding Hood Fox Akyo,akyo_きつね赤ずきん,Fox,おおかみAkyoに要注意,ささのき,https://vrchat.com/home/avatar/avtr_ea9e6901-c9c8-47e8-a90b-d55ce222b870
435,,Hunter Akyo,akyo_猟師,Uncategorized,,ささのき,https://vrchat.com/home/avatar/avtr_997f4267-2f36-4d6c-9ebe-1b96f6592291
436,,Deer Akyo,akyo_シカ,Uncategorized,,ささのき,https://vrchat.com/home/avatar/avtr_6152bd2b-6ac3-40ca-b43b-a3f17d508700
437,,Singing Green Onion Akyo,akyo_ねぎうた,Uncategorized,ねぎシリーズも増加中,ささのき,https://vrchat.com/home/avatar/avtr_9071118b-d070-4d97-a81d-7deb6df4c22d
438,,Ukyo Fox Akyo,akyo_foxUkyo,"Fox,Copyright/相棒,Parody",,ささのき,https://vrchat.com/home/avatar/avtr_2855f50c-07d4-4e4c-84fa-23c2f5013308
439,,Toast Tanuki Akyo,akyo_to-stTANUKI,Uncategorized,,ささのき,https://vrchat.com/home/avatar/avtr_bbf76760-bbca-48d9-be4d-f924e1606cf4
440,,Crab Akyo,akyo_kani,Uncategorized,エビカニモード付き,ささのき,https://vrchat.com/home/avatar/avtr_50a5f466-4c46-4822-b219-8fdc0d630267
441,,Mochi Akyo,akyo_もち,Uncategorized,2代目もちAkyo,ささのき,https://vrchat.com/home/avatar/avtr_209684dd-dca1-415d-a747-af883a896756
442,,Magical Green Onion AkyoAkyo,akyo_ねぎまほう,Uncategorized,,ささのき,https://vrchat.com/home/avatar/avtr_eb18a90b-8452-4702-b24a-5cd9abd5d22a
443,,Mont Blanc Akyo,akyo_モンブラン,Uncategorized,,ささのき,https://vrchat.com/home/avatar/avtr_a09d8024-486a-4b85-9688-a62edc34d450
444,,Mont Blanc Fox Akyo,akyo_きつねモンブラン,Fox,,ささのき,https://vrchat.com/home/avatar/avtr_74f6c6a7-b8db-4bb7-b85a-4bafb512b1d9
445,,Wolf Akyo,akyo_おおかみ,Uncategorized,,ささのき,https://vrchat.com/home/avatar/avtr_9d83a91f-bf82-4d58-83c1-6559f9dfbeb6
446,,Space Normal Akyo,akyo_うちゅう,Uncategorized,,ささのき,https://vrchat.com/home/avatar/avtr_ca7da3b3-0e5c-44a1-89fc-a9a89da3961f
447,,Knight Fox Akyo,akyo_きつねないと,Fox,,ささのき,https://vrchat.com/home/avatar/avtr_b6edb67a-1a5c-4268-828c-51ed8e0f536b
448,,Halloween Pumpkin Akyo,akyo_かぼちゃHW,Uncategorized,,ささのき,https://vrchat.com/home/avatar/avtr_7b2e4467-0cff-4a97-80ce-be816e05d345
449,,Halloween Poncho FoxBeer Akyo,akyo_foxHW,Fox,,ささのき,https://vrchat.com/home/avatar/avtr_cec68cad-1972-4a81-8289-4adb9988d5cf
450,,Jiangshi Fox Akyo,akyo_きつねキョンシー,Fox,,ささのき,https://vrchat.com/home/avatar/avtr_5e407374-de0c-42d1-af14-a7b5ff7ebf07
451,,Teapot Tanuki Akyo,akyo_たぬきちゃがま,Uncategorized,,ささのき,https://vrchat.com/home/avatar/avtr_509e5e10-b689-4843-96bc-016a655f74de
452,,Beer Shop Tanuki Akyo,akyo_たぬき酒屋,Uncategorized,,ささのき,https://vrchat.com/home/avatar/avtr_6fc43531-97bb-43cf-8f63-3381422a470f
453,,Cafe Wolf Akyo,akyo_おおかみカフェ,Uncategorized,,ささのき,https://vrchat.com/home/avatar/avtr_ce054e6f-f6c8-4864-9cf5-180cab3e6478
454,,Dragon Akyo SP,akyo_老どらごん,"Loong・Dragon,Fictitious,Animal,Flying",SPはサブスタのこと？,ささのき,https://vrchat.com/home/avatar/avtr_682931f3-e166-4f62-a626-2a1f39a9505e
455,,Wood Carving Fox Akyo,akyo_木彫りきつね,Fox,,ささのき,https://vrchat.com/home/avatar/avtr_706f8cad-a7cd-4fa0-b9eb-2a7f47c7bb04
456,,Halloween Japanese Radish Akyo,akyo_だいこんHW,Uncategorized,,ささのき,https://vrchat.com/home/avatar/avtr_c9eda5f8-c8cb-4f2f-8797-375583500552
457,,Ermine Akyo 2024,akyo_オコジョ24,Uncategorized,3代目オコジョAkyo,ささのき,https://vrchat.com/home/avatar/avtr_bfab0401-1392-4060-805c-456d4cc20b50
458,,Kotatsu Fox Akyo,akyo_きつねこたつ,Fox,,ささのき,https://vrchat.com/home/avatar/avtr_cf0aabab-d449-469c-9f2c-ae49663c78d1
459,,Horse Haniwa Akyo,akyo_はにわうま,Uncategorized,はにわとうまにも派生誕生,ささのき,https://vrchat.com/home/avatar/avtr_aa880970-2d3b-4cda-85f6-e1aee46b8e09
460,,Tower of the Sun Akyo,akyo_taiyou,Building,JPSTにはいない,ささのき,https://vrchat.com/home/avatar/avtr_6c6d988b-3534-4fdc-bf4c-54437d3eb9ae
461,,Haniwa Warrior Akyo,akyo_はにわぶし,Uncategorized,,ささのき,https://vrchat.com/home/avatar/avtr_5c9ea1b2-1145-4c6d-bd24-54a8543fb4ef
462,,Anubis Akyo,akyo_あぬびす,Uncategorized,ささのきさん式アヌビスAkyo,ささのき,https://vrchat.com/home/avatar/avtr_4ded4fea-bf3c-455d-b369-45ba7b30b63a
463,,Pudding Cup Akyo,akyo_プリンカップ,Uncategorized,,ささのき,https://vrchat.com/home/avatar/avtr_942d0100-58ba-47ba-9672-cb3e6ac9bf73
464,,Station Attendant Wolf Akyo,akyo_おおかみえきいん,Uncategorized,,ささのき,https://vrchat.com/home/avatar/avtr_3bfc004f-a5e7-4f57-bbab-ab0ddcd644d1
465,,Snowman Fox Akyo,akyo_ゆきだるま,Fox,,ささのき,https://vrchat.com/home/avatar/avtr_9ba51df3-046a-4272-a755-61d651548875
466,,Pine Tree Akyo,akyo_まつ,Uncategorized,,ささのき,https://vrchat.com/home/avatar/avtr_2b1b08f7-a042-4e0f-b891-f12638d88e49
467,,Chicken Akyo,akyo_にわとり,Uncategorized,,ささのき,https://vrchat.com/home/avatar/avtr_0ac178f7-81b7-4f4d-af4f-8e55c5e1173a
468,,Curry Akyo,akyo_curry,Uncategorized,,ささのき,https://vrchat.com/home/avatar/avtr_c66d94c0-9968-4e51-a6d7-4d499eae5c1a
469,,Santa Fox Akyo,akyo_きつねサンタ,Fox,,ささのき,https://vrchat.com/home/avatar/avtr_9583d3bf-57f6-4aa7-a809-e21ad08bc37b
470,,Furisode Wolf Akyo,おおかみふりそで,Uncategorized,,ささのき,https://vrchat.com/home/avatar/avtr_2e9f07a1-9908-49b6-a2f6-766f446e6525
471,,Furisode Tanuki Akyo,たぬきふりそで,Uncategorized,,ささのき,https://vrchat.com/home/avatar/avtr_5c2dfd30-1bf4-42ce-ac64-949a5db80407
472,,Fluffy Akyo,Fuwafuwa_Akyo,Uncategorized,114番は別作者様ver.,nezu_jp,https://vrchat.com/home/avatar/avtr_6f50c2f5-89b6-4cda-9799-fa674a38a20c
473,,Kotatsu Akyo,kotatsu_akyo,Uncategorized,,nezu_jp,https://vrchat.com/home/avatar/avtr_bd03fb43-7ea7-4be5-bc9c-bcc9d9dc9007
474,,Bear Costume Akyo,bigkumasankigurumiAkyo,Uncategorized,,葱 potipoti93,https://vrchat.com/home/avatar/avtr_86e1876d-0604-45f4-b0ae-f78c88f59b61
475,,Prisoner Akyo,PrisonerAkyo,"Mint Chocolate,Occupation・Family background",,葱 potipoti93,https://vrchat.com/home/avatar/avtr_8bb19cf9-83f2-4b67-9fe2-81a800704ba9
476,,Kinda Sus Akyo,nankayabaiAkyo,Art,,葱 potipoti93,https://vrchat.com/home/avatar/avtr_ea0d0fbc-74de-4465-be3e-0122f00a8347
477,,Cyclops Akyo,RedonCyclopeAkyo,Art,,葱 potipoti93,https://vrchat.com/home/avatar/avtr_0b9f8a00-c6f0-4268-8609-293ac07fc167
478,,Akyo Train,Akyonotesen,"Mint Chocolate,Vehicle,Occupation・Family background",,葱 potipoti93,https://vrchat.com/home/avatar/avtr_b4e941cc-6921-47ae-a3ef-9caf6d714062
479,,Festival Vibes Goat Akyo,フェス気分のヤギAkyo,"Goat,Animal,Special",『Akyoのぱーりない』にてHowToMakeSushiさんのDJを待望するヤギAkyoが変化した姿,nekononomicon,https://vrchat.com/home/avatar/avtr_897563b1-f2a5-4c1a-a3ad-30b3ef964bcf
480,,Sushi Aquarium Employee Akyo,すし水勤務のAkyo,"Mint Chocolate,Occupation・Family background",,nekononomicon,https://vrchat.com/home/avatar/avtr_b38aeb2a-bb50-470a-82b6-ab977a023530
481,,Coconut Akyo,ココナッツakyo,"Fruit,Food",,ささのき,https://vrchat.com/home/avatar/avtr_ecc0e2be-ed93-405a-b2a2-08dc4d54da13
482,,Asparagus Akyo,アスパラakyo,"Plant,Food",,ささのき,https://vrchat.com/home/avatar/avtr_be4f1cd4-5acb-4d04-b61d-117099f23c8d
483,,Corgi Akyo,akyo コーギー,"Dog,Animal",,ささのき,https://vrchat.com/home/avatar/avtr_7265691a-2a56-4638-83bd-ed6b122fa3c6
484,,Sailor Fox Akyo,akyo Fox すいへい,"Fox,Animal,Occupation・Family background",,ささのき,https://vrchat.com/home/avatar/avtr_5e5aa01d-59a8-4631-8b48-46803c1d982a
485,,Sleeping Bag Akyo,akyo ねぶくろ,"Mint Chocolate,Cloth・Costume",発想の由来が気になります,ささのき,https://vrchat.com/home/avatar/avtr_6e10ce52-0b3c-4090-8bb2-28a3c7517f9b
486,,Sick Akyo,KazehikiAkyo,"Mint Chocolate,Illness",,葱 potipoti93,https://vrchat.com/home/avatar/avtr_b75d27c3-a766-4f68-9f7b-83c49a7942bb
487,,Pikachu Akyo,Akyochu,"Copyright/ポケモン,Parody",VRCポケ改変集会用のAkyo,ステルバイ,https://vrchat.com/home/avatar/avtr_bf07fdde-2289-4d4d-be52-44b4b7253c0e
488,,Charmander Akyo,ヒトカゲあきょ,"Copyright/ポケモン,Parody",VRCポケ改変集会用のAkyo,kuro5963,https://vrchat.com/home/avatar/avtr_ed6357c5-0f15-4d59-a448-88302acc7323
489,,Squirtle Akyo,ゼニガメあきょ,"Copyright/ポケモン,Parody",VRCポケ改変集会用のAkyo,kuro5963,https://vrchat.com/home/avatar/avtr_8d990dcf-a3e0-4c92-a013-d7b3929dff26
490,,Bulbasaur Akyo,フシギダネあきょ,"Copyright/ポケモン,Parody",VRCポケ改変集会用のAkyo,kuro5963,https://vrchat.com/home/avatar/avtr_6f094609-8fe5-4dd6-ac35-06ea39da3f5f
491,,NEET's Bubble Akyo,Bubble Akyo,Special,泡Akyo2体目。1体目はふらっとさん,NEET ENGINEER,https://vrchat.com/home/avatar/avtr_c03b0382-19a3-4cb8-a3cf-9055492f3514
492,,Tilefish Akyo,AmadaiAkyo,Fish,,ふらっと（flat）,https://vrchat.com/home/avatar/avtr_e8b4b2ed-d735-48dc-b1f8-4350dc5fd7ef
493,,Weedle Akyo,ビーきょ,"Copyright/ポケモン,Parody",VRCポケ改変集会用のAkyo,kuro5963,https://vrchat.com/home/avatar/avtr_6ac1434c-b554-49af-9501-7a5d9e2586c0
494,,Quagsire Akyo,ぬあきょ,"Copyright/ポケモン,Parody",VRCポケ改変集会用のAkyo,kuro5963,https://vrchat.com/home/avatar/avtr_da169b0b-84a8-4f09-8726-6fdca09e3afa
495,,Psyduck Akyo,あきょダック,"Copyright/ポケモン,Parody",VRCポケ改変集会用のAkyo,kuro5963,https://vrchat.com/home/avatar/avtr_c5c75ac7-0645-4917-a575-50a4d3417526
496,,Apple Akyo,apple_Akyo,"Fruit,Food",,n777,https://vrchat.com/home/avatar/avtr_b72afca3-4150-4fc6-bf77-d72fd352187a
497,,Persimmon Akyo,柿Akyo,"Fruit,Food",数年の時を経てPublic化,MaruOcircle,https://vrchat.com/home/avatar/avtr_d1e55563-3030-4649-8edb-3707f7ed3aed
498,,Latte Art Akyo,LatteArtAkyo,"Drink,Art",,oyoso_5_oku,https://vrchat.com/home/avatar/avtr_66231018-1fb9-45f8-a584-1327fb329303
499,,Ribbon Fox Akyo,リボンきつねakyo,"Fox,Animal,Cloth・Costume",,ささのき,https://vrchat.com/home/avatar/avtr_5d5ac7fd-2ddb-4a05-97ed-aa3154207b5f
500,,Singing Green Onion Akyo B,ねぎうたB,"Green Onion,Vegetable,Food,Copyright/Vocaloid,Parody",,ささのき,https://vrchat.com/home/avatar/avtr_0f8cda2a-d208-43d0-86ec-21f787c73b6b
501,,Sleeping Bag Akyo 2,akyo ねぶくろ2,"Mint Chocolate,Cloth・Costume",,ささのき,https://vrchat.com/home/avatar/avtr_6ef3c177-0e60-4b5e-91dd-fa7955b4392f
502,,Sleeping Bag Fox Akyo,akyo ねぶくろ2,"Fox,Animal,Cloth・Costume",うさぎと虎の寝袋に変更可能,ささのき,https://vrchat.com/home/avatar/avtr_fd8d8d3b-aab3-4303-bd84-e2a04fbd4587
503,,Bronze Statue Akyo,ブロンズAKyo リターンズ,Building,,huyumusi,https://vrchat.com/home/avatar/avtr_fefc7e4b-6b16-4488-8fb1-5049e12e99fc
504,,Golden Akyo,A金yo,色,,Karie_O․G․3,https://vrchat.com/home/avatar/avtr_d7e59690-0ec3-4171-bb35-4f0a00eaff83
505,,Golden Butterfly Akyo,ア蝶,"色,蝶,Bug",,＂K＂ ちゃん,https://vrchat.com/home/avatar/avtr_12c6cf90-a33a-49b1-9734-7671d58472b2
506,,Color Inverted Akyo,色彩反転Akyo,Special,,ふらっと（flat）,https://vrchat.com/home/avatar/avtr_8164aa17-ae6e-4a8f-8b59-c5566c3dddbe
507,,Rabbit Akyo,usagi-akyo,"Rabbit,Animal",あとち式うさぎAkyo,あとち-krgr,https://vrchat.com/home/avatar/avtr_74eeb51e-2e98-47d8-b4f8-53fab0197f86
508,,Fluffy Japanese Radish Akyo,akyo だいこんモフ,"Japanese Radish,Vegetable",,ささのき,https://vrchat.com/home/avatar/avtr_0eabbbf5-04b3-4b7f-a057-0607ff402b2d
509,,Cinnamoroll Akyo,akyo siro,"Copyright/Sinnamoroll,Parody",,ささのき,https://vrchat.com/home/avatar/avtr_45e7d425-fa40-49ff-8d12-069ecb902fc3
510,,Missile Akyo,AKYO S400 Missile system,"Mint Chocolate,Military・Weapons",,pikazero,https://vrchat.com/home/avatar/avtr_143b9ab6-9a03-4c88-a9d0-08e44bbbbc30
511,,Mortar Akyo,81mm_morter_AKYO,"Mint Chocolate,Machine,Military・Weapons",,pikazero,https://vrchat.com/home/avatar/avtr_f916c4ea-ccf9-4cdc-8979-5fc1077f34e1
512,,Fake Mururu Akyo,nisemururuAkyo,"Copyright/ムルル,Parody",,葱 potipoti93,https://vrchat.com/home/avatar/avtr_11aa9bc1-8682-4046-88c6-03b8bbaec49f
513,,Mamehinata Akyo,MamehinatAkyo,"Copyright/まめひなた,Parody",,葱 potipoti93,https://vrchat.com/home/avatar/avtr_3f569570-9a19-4fed-b269-38ee69d5cde4
514,,Vket-chan Akyo,Akyoketchan,"Copyright/Vket-chan,Parody",,葱 potipoti93,https://vrchat.com/home/avatar/avtr_0b080c7d-2c10-49be-ac2b-97d1601dda93
515,,Eevee Akyo,noteeveeAkyo,"Copyright/ポケモン,Parody",,葱 potipoti93,https://vrchat.com/home/avatar/avtr_1f175aba-4f80-4d65-bcf2-13df4b21a8b9
516,,Mokuri-like Akyo,mokurimodokiakyo,"Copyright/モクリ,Parody",,葱 potipoti93,https://vrchat.com/home/avatar/avtr_8c339fb3-9b2f-4c24-bbb2-08618d94c07d
517,,Kipfel Akyo,akyofel,"Copyright/キプフェル,Parody",,葱 potipoti93,https://vrchat.com/home/avatar/avtr_17630088-cb8e-4060-9a9c-08cc2d1a259e
518,,Wight Akyo,Akyomosouomoimasu,"Copyright/Yu-Gi-Oh!,Parody",,葱 potipoti93,https://vrchat.com/home/avatar/avtr_f5a642b5-5949-40a5-ad21-add67d040c12
519,,Zubat Akyo,notzubattoAkyo,"Copyright/ポケモン,Parody",,葱 potipoti93,https://vrchat.com/home/avatar/avtr_09d1c703-0803-401c-9009-00324114e66e
520,,Humanoid-like Akyo,NothumanoidAkyo,Special,,葱 potipoti93,https://vrchat.com/home/avatar/avtr_7672bbc5-b0aa-4062-b389-0faadf382bd0
521,,Wormie Sock Akyo,WormiesockAkyo,"Copyright/Wormiesock,Parody",,葱 potipoti93,https://vrchat.com/home/avatar/avtr_8c01977d-3a41-483d-9880-626842cb6f19
522,,Obligation Chocolate Akyo,girichocoAkyo,"Sweets,Food,Season・Event",,葱 potipoti93,https://vrchat.com/home/avatar/avtr_5f6d45a2-e71a-47f5-8fe2-079a2de0931c
523,,Cloth Ghost Akyo,nunoghostAkyo,"Mint Chocolate,Material,Ghost",,葱 potipoti93,https://vrchat.com/home/avatar/avtr_520589a3-4c83-4ac7-a6f9-4ad24ab082db
524,,Robot Arm Akyo,RoboArmAkyo,"Mint Chocolate,Machine,Industrial",,NEET ENGINEER,https://vrchat.com/home/avatar/avtr_30cb309a-1a15-48ed-8951-190c9cc35eee
525,,Isosceles Triangle Akyo,二等辺三角形,"Mint Chocolate,Special",,NEET ENGINEER,https://vrchat.com/home/avatar/avtr_5811bb3c-aa70-46bc-87fc-d7a29a68a2aa
526,,Hello Kitty Akyo,akyo siro2,"Copyright/Hello Kitty,Parody",,ささのき,https://vrchat.com/home/avatar/avtr_bf82a1ef-e685-4428-bbf3-f7cac74b4eab
527,,Cafe Dragon Akyo,akyo どらごんcefe,"Animal,Loong・Dragon,Fictitious,Flying",,ささのき,https://vrchat.com/home/avatar/avtr_2a1f578c-cfb6-49bb-8833-aec0969cd2a5
528,,Monkey Akyo,akyo saru,Animal,,ささのき,https://vrchat.com/home/avatar/avtr_dbe6c282-8cb6-449f-aa1a-862757313391
529,,Cow Akyo 2,akyo うし2,Animal,,ささのき,https://vrchat.com/home/avatar/avtr_73e856d1-59ae-4e3c-a818-2afca08a66e9
530,,T-Rex Akyo 2,ティラノ2,"Dinosaur,Animal",,ささのき,https://vrchat.com/home/avatar/avtr_f530f699-c918-4e77-9c64-1232d1a07a97
531,,Wedding Fox Akyo,akyo foxウェディング,"Animal,Fox,Season・Event,Cloth・Costume",,ささのき,https://vrchat.com/home/avatar/avtr_7fcd3f66-1da1-425c-8b60-9b7384eb28b8
532,,Myaku Myaku Akyo,akyo akyoakyo,"Copyright/Myakumyaku,Parody,God",あきょあきょしてきた,ささのき,https://vrchat.com/home/avatar/avtr_c28a2612-7037-4bf9-a04d-31ce7e3c1cb1
533,,R.I.P. Akyo,RestInAkyo,"Mint Chocolate,Building",,葱 potipoti93,https://vrchat.com/home/avatar/avtr_ce6a950b-22e0-45b8-9407-e27476b1d595
534,,Tombstone Akyo,bosekiAkyo,"Mint Chocolate,Building",,葱 potipoti93,https://vrchat.com/home/avatar/avtr_4db2f6fb-ae17-4cc8-89ac-6306e161c9dc
535,,Real Cat Akyo,Akyoxwell,"Animal,Cat,実写",,葱 potipoti93,https://vrchat.com/home/avatar/avtr_d49f5b99-ac6e-42c3-a7d7-86e0c9dc12a5
536,,Backrooms Akyo,kiiroibougohukuAkyo,"Copyright/Backrooms,Parody,Horror",,葱 potipoti93,https://vrchat.com/home/avatar/avtr_7ed83e28-c1a3-442c-8158-ad74b74ce390
537,,Hinamatsuri Wolf Akyo,akyo おおかみひなまつり,"Animal,狼,Season・Event",,ささのき,https://vrchat.com/home/avatar/avtr_fc1a94f3-8340-4b5c-9ead-3a768e95791b
538,,Magical Girl Fox Akyo,akyo fox 魔法少女,"Animal,Fox,Occupation・Family background",,ささのき,https://vrchat.com/home/avatar/avtr_c8937290-f0da-43ac-8386-d5865506457f
539,,Sea Urchin Akyo,akyo uni,"Animal,Sea",,ささのき,https://vrchat.com/home/avatar/avtr_b877aa1d-2fbc-497e-85e2-c7683ced3fe3
540,,Dorayaki Akyo,akyo dorayaki,Food,,ささのき,https://vrchat.com/home/avatar/avtr_4d795aaa-bb90-4645-8135-cc16d6a95119
541,,Palico Fox Akyo,akyo きつねオトモ,"Animal,Fox,Occupation・Family background,Copyright/Monster Hunter,Parody",,ささのき,https://vrchat.com/home/avatar/avtr_7e3f6a6d-83da-4f06-8e7e-274943b93199
542,,Yamakasa Float Akyo,Akyo_yamakasa,"Mint Chocolate,Season・Event",,Masami.S,https://vrchat.com/home/avatar/avtr_320c2cd3-0a4f-45ce-9e7a-09a55062ed0d
543,,Dancing Afro AkyoAkyo,Akyo_Dancing Afro,"Hair Style,Music",,Masami.S,https://vrchat.com/home/avatar/avtr_c202f0d6-f6ec-428e-aa44-bb5406921371
544,,Orina Akyon,orinakyon,Parody,,葱 potipoti93,https://vrchat.com/home/avatar/avtr_9f5e6a8e-9c65-48af-bfdc-3bb83baf1479
545,,Felyne-like Akyo,airoumodokiAkyo,"Animal,Cat,Copyright/Monster Hunter,Parody",,葱 potipoti93,https://vrchat.com/home/avatar/avtr_1c26ddeb-3957-4146-a79f-1163224f368c
546,,Dr. Doom Akyo,akyo魔博士,"Copyright/Fantastic Four,Parody",,ささのき,https://vrchat.com/home/avatar/avtr_a0e4bd90-0cad-40ec-ab4c-759de355b9d4
547,,Hand Akyo,tekyo_test,Mint Chocolate,,thxxx0x74,https://vrchat.com/home/avatar/avtr_0ed29896-a9ae-41cf-9350-6f3124e1a7ac
548,,17Hz Akyo,17Hz,Special,,NEET ENGINEER,https://vrchat.com/home/avatar/avtr_1defa785-0a59-4b48-a3e2-60e2140e3a2d
549,,Stress Akyo,応力Akyo,Special,,NEET ENGINEER,https://vrchat.com/home/avatar/avtr_0e0a494c-c89a-4044-96e7-8c195b175d10
550,,Kirin Armor Fox Akyo,akyo キリン装備,"Fox,Animal,Occupation・Family background,Copyright/Monster Hunter,Parody",,ささのき,https://vrchat.com/home/avatar/avtr_e7a25fa3-d00f-4d5a-96ef-ad07a650f21c
551,,Dental Akyo,akyo dental,Teeth,,ささのき,https://vrchat.com/home/avatar/avtr_4e10c1c4-f406-4d2d-9eaa-a97b41248f90
552,,Shuttle Akyo,Akyo シャトル,"Aviation,Vehicle",,katsuya 9366,https://vrchat.com/home/avatar/avtr_6f5dff5a-82ee-4d4b-8b17-b57f8c6fe857
553,,RR Dragon Akyo,どらごんRR,"Loong・Dragon,Fictitious,Animal,Flying,Copyright/ポケモン,Parody",,ささのき,https://vrchat.com/home/avatar/avtr_eaf31613-4202-48bd-bb01-e587b45f038a
554,,Noir Akyo,akyo ノワール,"Sweets,Food",,ささのき,https://vrchat.com/home/avatar/avtr_4f4a8dba-586d-442a-898b-9cd5edf05902
555,,VRCTV Akyo,VRCTVAkyo,"Mint Chocolate,Special",,NEET ENGINEER,https://vrchat.com/home/avatar/avtr_77cf7753-8a9b-45eb-8155-a74434aff2ae
556,,Soda Akyo 2,akyo ソーダ2,Drink,,ささのき,https://vrchat.com/home/avatar/avtr_96c20f2a-02b1-4320-8ba9-71fc8111d266
557,,Katsu Sandwich Akyo,akyo カツサンド,"Food,Fried",,ささのき,https://vrchat.com/home/avatar/avtr_f4c46fd4-4770-4d08-93a5-f0917b798891
558,,Akyo's Light,アキョウノトモシビ,Fungus,,long-potato,https://vrchat.com/home/avatar/avtr_b1004475-5fc5-47b4-acaa-276564eafefc
559,,Corona Akyo,coronakyo,Virus,,long-potato,https://vrchat.com/home/avatar/avtr_965d33db-14b6-4435-8b35-a8e62af118e0
560,,Busty Succubus Akyo,bigboinsuccubusAkyo,"Mint Chocolate,Devil・Saccubus",,葱 potipoti93,https://vrchat.com/home/avatar/avtr_850b20aa-4552-44a4-9181-a8f57de72dcf
561,,Concrete Akyo,ConcreteAkyo,Material,,ふらっと（flat）,https://vrchat.com/home/avatar/avtr_9fd0ba74-53d8-4430-ae21-c8d897c10b19
562,,Concrete Akyo 2,ConcreteAkyo,Material,,ふらっと（flat）,https://vrchat.com/home/avatar/avtr_aaa0fc29-6e51-4dfa-a332-649aff9e1483
563,,Giant Puffball Akyo,AKYOFUSUBE,Fungus,,カヤ（kaya）,https://vrchat.com/home/avatar/avtr_9d348145-aae4-4736-8aed-68e93c29ce3a
564,,Mini Plush Akyo,ミニぐるみAkyo,"Mint Chocolate,Deformed",,teramo,https://vrchat.com/home/avatar/avtr_07e5824b-c1cf-49c3-a790-4eb5477f1eb1
565,,Princess Akyo,ohimesamaAkyo,"Mint Chocolate,Occupation・Family background",,葱 potipoti93,https://vrchat.com/home/avatar/avtr_c672232d-9fd0-40a8-8bce-8593db0699c9
566,,Khezu Akyo,huruhuruAkyo,"Monster,Copyright/Monster Hunter,Parody",,葱 potipoti93,https://vrchat.com/home/avatar/avtr_e8cf8505-4c50-424b-834c-e8faeae78639
567,,Fire Extinguisher Akyo,syoukakiAkyo,"Mint Chocolate,Equipment",,葱 potipoti93,https://vrchat.com/home/avatar/avtr_3d1597c3-7ab0-4777-a1f4-adbe8cab0354
568,,Initial Akyo,Akyoutouhuten86,"Mint Chocolate,Vehicle,Copyright/Initial D,Parody",,葱 potipoti93,https://vrchat.com/home/avatar/avtr_115bf301-6c82-4d17-b06b-9b209408f662
569,,Warp Star Akyo,Warpakyoster,"Mint Chocolate,Vehicle,Copyright/Kirby,Parody",,葱 potipoti93,https://vrchat.com/home/avatar/avtr_cc122f8f-4127-4eb7-9a3d-0c13ce3e242e
570,,Family Akyo Chicken Akyo,akyo チキ,"Food,Fried,料理,Copyright/Family Mart,Parody",,ささのき,https://vrchat.com/home/avatar/avtr_2e1f580d-3835-4ec8-9faa-33a6096e2a7a
571,,Toast Fox Akyo 2,akyo to-stFox2,"Fox,Animal,パン,Food",,ささのき,https://vrchat.com/home/avatar/avtr_0c2a20b7-56dd-413e-a530-aeff2ec06531
572,,Apple Akyo,akyo りんご,"Fruit,Food",,ささのき,https://vrchat.com/home/avatar/avtr_0a317f00-06e4-4deb-9915-d147f1ec0f44
573,,Bee Akyo,akyo はち,Bug,花の蜜を集めるよ,ささのき,https://vrchat.com/home/avatar/avtr_4192cd46-3bec-42e7-aadb-eb25743700e3
574,,Octopus Akyo,たこAkyo,Animal,かわいい,ふらっと（flat）,https://vrchat.com/home/avatar/avtr_a32c423c-45ee-416d-aad4-fcaf17e5d18e
575,,Ant Akyo,akyo あり,Bug,兄弟がたくさんいる,ささのき,https://vrchat.com/home/avatar/avtr_3782d68c-fb2a-41b1-8c1d-6f931f3a9431
576,,Melon Bread Turtle Akyo,akyp かめメロンパン,"Animal,パン,Food",甘い香りを振りまくakyo。無果汁,ささのき,https://vrchat.com/home/avatar/avtr_b3f30bdf-9c8b-43e4-b29a-7b5a652c6c88
577,,French Bread Akyo,akyo フランスパン,"パン,Food",香ばしい香りを漂わせる,ささのき,https://vrchat.com/home/avatar/avtr_66e939c1-4176-4b05-aac0-e44c2c7e7e4a
578,,Raincoat Dragon Akyo,akyo どらごんレインコート,"Loong・Dragon,Fictitious,Animal,Flying,Cloth・Costume",雨の日のお出かけどらごんakyo,ささのき,https://vrchat.com/home/avatar/avtr_d86a3dcc-cc1a-4947-afa8-05fa4f841e77
579,,Fluffy Sheep Akyo,mofumofusheepAkyo,Animal,,葱 potipoti93,https://vrchat.com/home/avatar/avtr_1a1c10c5-4594-44b8-af0f-2303dd249b76
580,,Gyaru AkyoAkyo,galAkyo,"Mint Chocolate,Cloth・Costume",,葱 potipoti93,https://vrchat.com/home/avatar/avtr_4fd38eea-392a-4695-8cf2-af446dd84e72
581,,Reimu Akyo,rakuennosutekinaAkyo,"Copyright/Touhou,Parody",,葱 potipoti93,https://vrchat.com/home/avatar/avtr_6ab059d3-ea84-4c72-9f55-7ab1d59ff389
582,,Marisa Akyo,hutsuunoAkyotsukai,"Copyright/Touhou,Parody",,葱 potipoti93,https://vrchat.com/home/avatar/avtr_ea71d4e5-221e-4f6e-ac55-c262e193441a
583,,Vault-Akyo,bault-Akyo,"Mint Chocolate,Copyright/Fallout,Parody",,葱 potipoti93,https://vrchat.com/home/avatar/avtr_f1a87926-cc7d-4ad8-854a-bec9b0d7bc44
584,,Skelton Akyo,骨Akyo,Bone,,甘水あみ,https://vrchat.com/home/avatar/avtr_caa0b7a7-281c-48e3-9286-6f7a5eeb0404
585,,Zakyo,Zakyo,"Copyright/Gundam,Parody,Military・Weapons",Akyoとは違うのだよ、Akyoとは！,ステルバイ,https://vrchat.com/home/avatar/avtr_68289ce3-3528-40af-be34-d1ecceaee10b
586,,Bell Pepper Akyo,akyo ピーマン,Vegetable,カラフルなピーマンakyo,ささのき,https://vrchat.com/home/avatar/avtr_9b279576-3b4a-48ef-8922-6d3a9d0afa64
587,,Coffee Akyo 2,akyo coffee2,"Coffee,Drink",お持ち帰りされるCoffeeakyo,ささのき,https://vrchat.com/home/avatar/avtr_b60eef85-42db-4359-8f68-1f96b122b90c
588,,Long Pug Akyo,胴長パグakyo,"Animal,Parody",,polf,https://vrchat.com/home/avatar/avtr_92462918-6f82-4065-9233-8ac3bee80f5c
589,,House Snail Akyo,Akyothehousnail,"Shell,Animal,Building,Parody",,葱 potipoti93,https://vrchat.com/home/avatar/avtr_54cc51a2-32a7-42ee-bec5-a67990cd7edb
590,,River Akyo,川Akyo,Nature,,カヤ（kaya）,https://vrchat.com/home/avatar/avtr_56504c0b-cc0f-4e0f-b9ff-ee3172eb0191
591,,Whale Meat Akyo,鯨肉Akyo,"Animal,Meat,Food",,カヤ（kaya）,https://vrchat.com/home/avatar/avtr_5ad10f0e-b1c2-4089-ba34-88d4ce48a9aa
592,,Watermelon Akyo,suika_akyo,"Fruit,Food",,カヤ（kaya）,https://vrchat.com/home/avatar/avtr_7e77556c-07b1-4e67-9228-f28206408b4d
593,,Blade Cosplay Akyo,bladegokkoAkyo,"Transformation,Copyright/Kamen Rider,Parody",,葱 potipoti93,https://vrchat.com/home/avatar/avtr_7306d8e6-9518-4337-b739-c8ddbbf65c95
594,,Gunner Akyo,gunner akyo,"Military・Weapons,Occupation・Family background",,Fuganbya,https://vrchat.com/home/avatar/avtr_a0adb324-619c-43c8-af9e-2ed4d98f8a2a
595,,Army Akyo,akyo_army,"Military・Weapons,Occupation・Family background",,kazakami okenu,https://vrchat.com/home/avatar/avtr_f47c6214-6daf-4d40-9e6b-274a59662d2a
596,,Acorn Akyo,DonguriAkyo,木の実,,nezu_jp,https://vrchat.com/home/avatar/avtr_4449f2ed-0c7a-4238-8893-28ed6527d04a
597,,Kokoro Akyo,Akyou ［kokoro］,Mint Chocolate,,kokoro․chan,https://vrchat.com/home/avatar/avtr_155450fb-0dea-40fc-bcbd-a96c7c98fc6b
598,,Fish Akyo,亜魚,Fish,,kuguro,https://vrchat.com/home/avatar/avtr_a6092306-d1aa-44fb-b54d-593cbea7133b
599,,Axolotl Akyo,亜魚露とル,Amphibian,,kuguro,https://vrchat.com/home/avatar/avtr_039bb82d-bb7b-43c2-9d66-328d36d994de
600,,Milk Akyo,akyo milk,Drink,新鮮な牛乳の入ったakyo。銭湯で大人気,ささのき,https://vrchat.com/home/avatar/avtr_f263618e-7d1f-4168-a49f-221b2a870e4e
601,,Whiskey Akyo,akyo ウイスキー,Drink,柔らかな芳香、深みのあるコクで人々を魅了する,ささのき,https://vrchat.com/home/avatar/avtr_2525ae0a-f738-4be8-a656-f5794292a4b8
602,,Garren Cosplay Akyo,gyarengokkoAkyo,"Transformation,Copyright/Kamen Rider,Parody",,葱 potipoti93,https://vrchat.com/home/avatar/avtr_aae617bf-de58-4d95-ba31-b0a171dedd2d
603,,Mascot Costume Akyo Boy,kigurumiAkyokun,"Mint Chocolate,Occupation・Family background",,葱 potipoti93,https://vrchat.com/home/avatar/avtr_f1bf652f-164f-4f00-98a6-bb6db5be81ee
604,,Ambulance Cosplay Akyo,kyuukyuuAkyo,"Mint Chocolate,Vehicle",,葱 potipoti93,https://vrchat.com/home/avatar/avtr_3ef73c5f-d3f5-4396-84b6-363e9946c685
605,,Axolotl Akyo,akyo uparupa,"Amphibian,Animal",JPSTの川岸で良く見つかる,ささのき,https://vrchat.com/home/avatar/avtr_34be8863-c67f-4860-89e1-2cef623725ab
606,,Octopus Skin Akyo,タコ皮,"Octopoid Mammal,Animal",タコ乳類,甘水あみ,https://vrchat.com/home/avatar/avtr_b96f7d86-62c3-4cd8-bae0-baea0e950c08
607,,Nanachi-like Akyo,nanachimodokiAkyo,"Copyright/Made in Abyss,Parody",,葱 potipoti93,https://vrchat.com/home/avatar/avtr_ee68c6c7-c62b-4ea1-b8c0-94b099b3b3d0
608,,Akyozaki Shiori,Akyozakishiori,"Parody",,葱 potipoti93,https://vrchat.com/home/avatar/avtr_f54e3695-7693-4fbc-aedc-be45863d0298
609,,Bomberman Akyo,bomberAkyon,"Copyright/Bomberman,Parody",,葱 potipoti93,https://vrchat.com/home/avatar/avtr_3455042f-42cd-4c0e-a04a-a2a3e0217769
610,,Dreamy Unicorn Akyo,yumekawaunicornAkyo,"Fictitious,Animal",,葱 potipoti93,https://vrchat.com/home/avatar/avtr_8b424082-6158-4f8c-ba09-93228245d37d
611,,Mascot Fish Head Akyo,kigurumiokashirakun,"Fish,Occupation・Family background",,葱 potipoti93,https://vrchat.com/home/avatar/avtr_70171281-584d-4036-9f2d-040493b699aa
612,,Balloon Fox Akyo,akyo 風船きつね,"Fox,Animal,Flying",風船でふよふよと漂うきつねakyo,ささのき,https://vrchat.com/home/avatar/avtr_1b53f9a0-2f30-406b-9f18-17466d95be44
613,,Acorn Akyo,どんぐりあきょー,Acorn,Android対応,kuro5963,https://vrchat.com/home/avatar/avtr_c189474a-f4fa-4a2b-8c1f-8f57684d6f39
614,,Coffee Bean Akyo,珈琲豆あきょ,"Coffee,Drink",挽いちゃうんですか․․․ Android対応,kuro5963,https://vrchat.com/home/avatar/avtr_63545771-3442-4857-ae1f-f2e89737ced3
615,,Ramune Akyo,らむねあきょ,"Ramune,Drink",あきょも満足ǃ シェイプキーにラベルはついてこないので、変形の際はラベルは消してください。Android対応。,kuro5963,https://vrchat.com/home/avatar/avtr_06ce0752-200e-4f31-9420-c9819153d48b
616,,Spirit Horse Akyo,精霊うまきょ,"Spirit Horse,Cucumber,Eggplant,Vegetable,Food",精霊うまきょ。Android対応。,kuro5963,https://vrchat.com/home/avatar/avtr_b44829ee-239b-4121-bb0f-a9ee032b0634
617,,Akyolin Gnome Horn,あきょりん・のーむ・ほーん,"Copyright/Goblin Gnome Horn,Parody",下剋上。Android対応。,kuro5963,https://vrchat.com/home/avatar/avtr_713d2fd3-ca63-4ec4-97a9-099bb4649c9e
618,,Pencil Akyo,鉛筆あきょ,"Pencil,Stationery","ハードなやつさ,Android対応。",kuro5963,https://vrchat.com/home/avatar/avtr_09bedaa2-fd65-4ce8-b6a9-f2fde89b6c0d
619,,Blue-Ringed Octopus Akyo,ヒョウモンダコAkyo,"Octopus,Mollusk",悪くなったバナナじゃないよ。「たこAkyo」の改変だよ。https˸⁄⁄booth․pm⁄ja⁄items⁄6780828,nekononomicon,https://vrchat.com/home/avatar/avtr_6d753be0-c587-4007-ba5d-4f44bf243314
620,,Bean Akyo (Goat),まめAkyo（ヤギ）,"Bean",ぼさぼさ様による愛らしすぎる【無料】まめAkyo （Bean Akyo）【VRC向けアバター】（https˸⁄⁄booth․pm⁄ja⁄items⁄7385278）、のヤギAkyo改変。なんとなく耐久力が上がった気になっている。,nekononomicon,https://vrchat.com/home/avatar/avtr_d5c02dcd-84d7-434e-a252-93525e918ca2
621,,Bean Akyo,まめAkyo,"Bean",Beans,Taiyaki_犬好き,https://vrchat.com/home/avatar/avtr_ffd1759d-e23f-41a1-a414-8e1b517d9967
622,,Soft Akyo,柔らかいAkyo,Soft,柔らかいAkyo,Holimond.jp,https://vrchat.com/home/avatar/avtr_7f76d4fe-6694-4ecb-95fc-7c88e09e79d3
623,,Mimic Akyo,mimicAkyo,"Animal,Transformation",,葱 potipoti93,https://vrchat.com/home/avatar/avtr_ffbda8f5-5b26-4501-ad7e-ef2bff74d143
624,,Nightcap Akyo,nightcapAkyo,"Mint Chocolate,Cloth・Costume",,葱 potipoti93,https://vrchat.com/home/avatar/avtr_43f222aa-e5ef-4f3f-afc2-c1620607adb5
625,,Big Boobs Cow Print Akyo,bigboinushigaraAkyo,"Animal,Plump",,葱 potipoti93,https://vrchat.com/home/avatar/avtr_8b415c54-820a-41e0-b4da-6e5fadc1e408
626,,Milk Pouring Akyo,gyuunyuuwososoguAkyo,Art,,葱 potipoti93,https://vrchat.com/home/avatar/avtr_d9ea87cf-42c0-4a18-b486-f8a56e98e8ab
627,,Box Akyo Dam,hakoAkyodam,"Mint Chocolate,Material",,葱 potipoti93,https://vrchat.com/home/avatar/avtr_23becd0a-c416-48c2-8cd5-cba021fe8237
628,,Syarube-like Akyo,syarubemodokiAkyo,"Copyright/Syarube,Parody",,葱 potipoti93,https://vrchat.com/home/avatar/avtr_0cfe69d9-8243-4ba1-9133-c8f21b2c5ad3
629,,Rabbit Hole Akyo,RabbitHoleAkyo,"Rabbit,Cloth・Costume,Copyright/Vocaloid,Parody",,葱 potipoti93,https://vrchat.com/home/avatar/avtr_91e5ca26-8080-4856-bbae-ed3e0145c665
630,,Toothpaste Akyo,hamigakikoAkyo,"Mint Chocolate,Daily Necessities",,葱 potipoti93,https://vrchat.com/home/avatar/avtr_fafc8293-025e-405f-9dd2-b391a97c1919
631,,Cardboard Knight Akyo,danbouruKnightAkyo,"Occupation・Family background,Material",,葱 potipoti93,https://vrchat.com/home/avatar/avtr_d285ea6a-07b5-4a63-b8f5-9f5053281d5c
632,,Refrigerator Akyo,reizoukoAkyo,Electronics,,葱 potipoti93,https://vrchat.com/home/avatar/avtr_d9e18bed-9682-4785-94ef-1988128244ce
633,,Lop-Eared Rabbit Akyo,lopearedrabbitAkyo,"Rabbit,Animal",,葱 potipoti93,https://vrchat.com/home/avatar/avtr_92434578-9723-41b7-b092-f1fe424aba27
634,,Lop-Eared Bunny Akyo,lopearedrabbitbunnyAkyo,"Rabbit,Animal,Cloth・Costume",,葱 potipoti93,https://vrchat.com/home/avatar/avtr_d73a53f5-1abe-462a-ab3f-fb9ffac341d2
635,,Photograph of the Deceased Cosplay Akyo,ieigokkoAkyo,"Mint Chocolate,Death,Furniture,Roleplay",,葱 potipoti93,https://vrchat.com/home/avatar/avtr_04f1f4cb-4d48-4d6b-813f-2207b92c365a
636,,Fluffy Lion Akyo,mofumofulionAkyo,"Lion,Animal",,葱 potipoti93,https://vrchat.com/home/avatar/avtr_aa979ea4-2fb0-49a2-a569-941bd3c643f1
637,,Magolor-like Akyo,magolormodokiAkyo,"Copyright/Kirby,Parody",,葱 potipoti93,https://vrchat.com/home/avatar/avtr_54ee1d70-598a-445a-a798-e4daf7f39ca9
638,,Marx-like Akyo,marxmodokiAkyo,"Copyright/Kirby,Parody",,葱 potipoti93,https://vrchat.com/home/avatar/avtr_9a700090-2864-4ca8-90f2-bdb36cb81b99
639,,Freedom Akyo,FreedomAkyo,"Statue,Art",,すいしょー,https://vrchat.com/home/avatar/avtr_7ec41427-1e99-4d5c-87c1-20d7e1d68b88
